id,date,user,pc,activity
{H2W3-J7KT42TP-7420RERG},04/07/2010 16:23:00,OHC0973,PC-0745,Logoff
{X3Q2-J1QY24LB-4349JMLO},02/24/2010 17:56:00,TAC0300,PC-2131,Logoff
{R9O8-B8GY00YQ-9101JBVE},10/18/2010 19:40:00,HKF0831,PC-6215,Logoff
{A0G7-P7MT06RC-1295IPZH},06/25/2010 13:36:49,OCS0865,PC-8309,Logon
{Y2C9-O1IY01GR-8350OBMW},03/30/2010 08:32:00,MSG0839,PC-3227,Logon
{B7T8-P1YJ11TY-3138UEFW},05/04/2010 11:15:44,HTH0007,PC-8851,Logon
{Y4A8-J7BT18NC-6773EJIC},02/25/2011 08:37:00,LDM0587,PC-5012,Logon
{U5O7-K5BU01LE-4633OVSV},03/18/2011 08:00:00,KQS0415,PC-3124,Logon
{H9C4-B7HD67AQ-2933CHMZ},06/19/2010 07:09:00,MLM0950,PC-9787,Logon
{O8K6-C4ND59AA-6512TSAM},12/09/2010 14:06:55,LAF0991,PC-4973,Logon
{W5H2-R1SN57KT-8118NUTG},08/12/2010 13:19:21,RDT0424,PC-3847,Logon
{X5Y8-E2KW34XG-1537INUI},09/30/2010 15:56:00,TVS0006,PC-5873,Logoff
{O9N6-E0QK34QL-2361QMHU},07/21/2010 11:20:09,VCC0396,PC-4582,Logon
{A2U9-B8BT95JZ-3376NDLV},06/14/2010 09:26:00,MIB0904,PC-7811,Logon
{K6E0-U9PM47MZ-4601RFVS},02/10/2011 19:36:57,HDS0367,PC-4679,Logon
{Y2L1-L3XD06XD-8038WVWQ},03/02/2010 11:51:02,KBG0549,PC-0146,Logon
{G7H6-E2YL41HT-3513ARAS},03/01/2011 07:03:00,HLM0933,PC-5242,Logon
{B7I4-E3GZ56BJ-1068GBTQ},04/12/2011 08:00:00,FHO0630,PC-9999,Logon
{X7I1-I2QG81TM-8640JAJT},07/30/2010 08:08:00,KRM0541,PC-4722,Logon
{C4M8-P9XK12HV-9980FXDP},02/24/2011 17:00:00,AJN0607,PC-8303,Logoff
{K5X2-D9YO37MU-3275VEKE},09/01/2010 09:21:00,ZMC0284,PC-3947,Logon
{L3F1-X8MA81LQ-3708GJAE},01/06/2010 08:04:00,RGH0728,PC-8568,Logon
{S3B3-M7BO66GV-4631ZKST},07/22/2010 19:06:00,GAF0060,PC-4911,Logoff
{T0U7-J6JV91AO-6446TEOL},02/25/2011 08:37:00,IYB0918,PC-6119,Logon
{Z2Q7-U0KA55YZ-0882KCVD},03/24/2011 22:48:51,HDS0367,PC-2709,Logoff
{U6Z2-R8DX00GE-8515KXZG},03/30/2011 16:09:00,DAL0673,PC-9156,Logoff
{K7O5-Q9EB28IO-6642VJHN},04/15/2011 16:52:00,WGS0516,PC-0389,Logoff
{G2G0-V3VO80BO-2460NMVA},06/11/2010 08:33:00,IWM0816,PC-8853,Logon
{H3Y7-L6TG52QW-3336XPQI},09/01/2010 18:42:00,JDF0593,PC-6301,Logoff
{G9M4-B4WT83UD-8874CUWG},11/19/2010 17:04:00,ARA0252,PC-4886,Logoff
{E6Y7-I2SZ22JK-9735SZPJ},09/10/2010 09:06:00,JKM0303,PC-1208,Logon
{F7B6-O7AC94DV-8736TMYE},03/17/2010 07:17:00,KDT0346,PC-7238,Logon
{X7O1-V2SH86WP-4227DQOI},02/25/2010 16:26:00,IRM0931,PC-7188,Logoff
{Z2A9-W6IO68UA-5239CTSJ},10/08/2010 08:09:00,PPF0435,PC-1809,Logon
{O9E5-G5LI00PU-9618YEVV},05/05/2010 15:50:32,SMH0291,PC-4124,Logoff
{Q3P4-R8EX76QN-9358HJCB},01/04/2010 14:19:19,BCR0581,PC-0616,Logon
{Q2G7-C1JI27CQ-1361YQST},02/11/2010 07:45:00,QOS0878,PC-2211,Logon
{V5M7-G1MY72JV-5831XPAY},04/22/2010 09:15:00,DIB0285,PC-1268,Logon
{X5O8-R6EF19HY-4314PLPK},01/28/2010 07:48:00,ADC0391,PC-4729,Logon
{Z5R7-N6VZ64LM-2742SOBR},11/01/2010 16:51:00,PPF0435,PC-1809,Logoff
{E8F7-F0CN48SJ-6810YVMY},11/20/2010 07:01:00,CTR0341,PC-6184,Logon
{G1Q7-L9DZ07CE-2340ODZI},11/30/2010 16:00:00,TSR0676,PC-9227,Logoff
{S0N8-V6VI75EI-4422MMHX},09/23/2010 15:26:00,QNP0216,PC-9564,Logoff
{R9U9-B5FX88VB-9974FSLU},02/03/2010 17:57:00,PNL0301,PC-5611,Logoff
{H4T2-R1OU70BO-3136SXUC},04/21/2011 17:00:00,PRM0740,PC-1017,Logoff
{U6V0-O7MQ47YD-9919LFAB},01/19/2011 18:59:00,RNL0695,PC-6581,Logoff
{T6K9-P0HE84LT-2707PQYY},03/26/2010 12:06:32,SAC0592,PC-7310,Logon
{F8Y5-M4LH39XG-9779ASYZ},03/02/2010 18:00:00,GHH0288,PC-4686,Logoff
{N5G8-Y3LQ56IZ-8509MJZD},03/09/2010 07:56:00,HBO0413,PC-7384,Logon
{V5M8-V4JO62KT-1568LOGW},05/04/2011 09:07:00,KLM0639,PC-7387,Logon
{F2R0-J6ZY19FS-2380WSOT},06/02/2010 09:03:00,JNA0559,PC-9423,Logon
{Z4B8-O3SE60YU-7818GGEZ},09/29/2010 12:11:02,NAF0326,PC-3847,Logoff
{S0N9-T9KM96NB-7133FIZR},05/16/2011 07:03:00,IRM0931,PC-7188,Logon
{Z2G0-N7WD00FG-7185INUO},03/27/2011 19:40:00,JDC0030,PC-0246,Logoff
{Q2G6-M4EX97HY-2196HGGD},10/26/2010 07:03:00,FXF0957,PC-4176,Logon
{K2I7-G3QA59QN-7146YXHF},02/18/2011 07:55:00,TMA0069,PC-1013,Logon
{E0E1-E9LX00FV-0834QPVU},10/01/2010 16:57:00,CNE0352,PC-2766,Logoff
{K6U1-T5LX96AM-3681PFSG},09/13/2010 07:02:00,HWM0342,PC-4436,Logon
{Y6R1-M5ZZ19KY-1349GCXS},03/18/2011 16:27:00,AKH0758,PC-7560,Logoff
{U3T4-I5RF59SV-2973TSJL},06/07/2010 08:26:00,FRR0832,PC-0751,Logon
{O0C7-P1VT96NT-1432DGJW},02/01/2011 19:40:00,JCR0921,PC-9473,Logoff
{L4O3-S4FH89XH-4955YLXB},03/05/2010 07:50:00,BXJ0010,PC-2231,Logon
{V6P0-C0RV87YL-8808WKVY},11/18/2010 08:13:00,HCV0478,PC-5977,Logon
{H5Z1-F7EE14SR-1764GFVC},04/19/2011 17:53:00,JKM0303,PC-1208,Logoff
{U8Y2-L6LB92GR-6044WZBR},12/06/2010 08:21:00,LJT0817,PC-3120,Logon
{A2W8-E8WQ62JO-9314WHED},03/25/2011 05:50:32,KRV0372,PC-3459,Logoff
{U7Z9-W3HC39SL-1744RZUE},04/15/2011 16:11:00,BKW0374,PC-5186,Logoff
{H5F5-V8NE45LH-5565FYII},06/25/2010 15:07:27,WNB0908,PC-0094,Logon
{T8V9-F7HZ81ZB-5487WEVU},07/02/2010 18:11:00,KRM0541,PC-4722,Logoff
{F5Z9-L2NQ13DT-7252RZAI},03/14/2011 08:30:00,PTH0830,PC-8118,Logon
{I7E9-O7EM37YG-5529BQJI},03/08/2011 09:22:00,CQW0652,PC-3449,Logon
{A7J3-M5ZA44OQ-8989NKBE},03/09/2011 18:58:00,JER0404,PC-0928,Logoff
{L9S1-V6VR05MF-4625JMSL},08/30/2010 08:32:00,WDV0573,PC-4983,Logon
{X1Z1-U0LP52HX-8805YYPB},12/07/2010 16:43:00,SKG0759,PC-2662,Logoff
{L6Y4-A0DH44YT-0077EUQJ},03/03/2011 13:38:51,BAL0044,PC-8508,Logoff
{U5R6-K9QI43SD-4076RIBZ},08/18/2010 16:08:00,RJM0381,PC-8800,Logoff
{A7Z4-U6DI72PK-7996JQPD},11/01/2010 17:00:00,RAS0432,PC-9108,Logoff
{G1N1-S2EQ49VI-2687PHIC},03/18/2010 17:28:00,CBG0490,PC-3005,Logoff
{H6Q5-R9HZ38QO-2493WUSV},07/20/2010 05:46:36,UIR0043,PC-1917,Logon
{H0Z6-N5NP81VU-6117UJQM},04/01/2010 19:12:00,FSB0399,PC-1275,Logoff
{G3H7-U2TD09AU-2161UXSV},10/01/2010 07:35:00,MKG0711,PC-2368,Logon
{B5I2-N8VV83KQ-6077XGLU},01/17/2011 19:01:00,BTN0061,PC-3682,Logoff
{F6U8-D5SW41FV-4894DAWD},09/10/2010 16:10:00,CFG0959,PC-9094,Logoff
{S5W1-I2EZ33VI-8616GCCX},07/22/2010 08:48:31,DMG0358,PC-7865,Logoff
{B0W3-E3XN19MH-6702OXLM},08/19/2010 18:35:00,MLL0598,PC-0189,Logoff
{R3C2-K3DH65PT-2881EEXT},08/24/2010 16:12:00,JLM0364,PC-3791,Logoff
{J3T1-U4FZ87NC-8427GGLJ},02/08/2010 04:22:34,JCC0225,PC-6112,Logon
{P4H9-A3ND78TU-1122TBUH},06/04/2010 12:08:46,TDG0962,PC-2173,Logon
{E8S2-Y2YY57WA-7727PZDA},05/12/2010 08:06:00,SAT0194,PC-8148,Logon
{U9N1-I1SO19TW-8264QXVH},09/03/2010 08:28:00,KMB0922,PC-1725,Logon
{V1O7-P8VT36ZV-1294LDGA},03/30/2010 18:06:00,EHB0420,PC-1586,Logoff
{Y4J9-I1CO74FY-7610MVDR},05/28/2010 07:19:00,BBS0039,PC-9436,Logon
{J6K0-V9IG86EP-4991EGYM},12/06/2010 18:37:00,WPE0538,PC-5785,Logoff
{S8X8-W2QS37XM-1497FSHC},02/12/2010 08:08:00,ERH0449,PC-1389,Logon
{G1O6-Z5SI31QR-1531GYHZ},11/17/2010 08:01:00,DTP0379,PC-4861,Logon
{L0A1-P3QK27OX-1478TPPG},07/16/2010 07:03:00,KRG0158,PC-9770,Logon
{G5B1-J4XV87QG-7460SXDL},12/01/2010 07:22:00,OMM0944,PC-0378,Logon
{Q8Q2-S9YG87PR-9513OEBK},02/17/2011 00:43:10,QNP0216,PC-1313,Logon
{I7Q7-I7AQ96GC-7139WLME},01/19/2011 11:51:37,KCS0173,PC-5117,Logon
{V9M8-G9YD18CW-1831JCMB},02/02/2011 07:34:00,NWK0215,PC-8370,Logon
{S8H0-M8OF20XN-9725QAET},10/12/2010 07:29:38,MPM0220,PC-0377,Logoff
{I3D5-Z1NR89GB-2376WXEN},02/21/2011 22:09:40,WPR0368,PC-6824,Logoff
{I3M1-D1KT36XB-5523BXFH},04/29/2010 09:20:00,OYM0026,PC-9261,Logon
{M3M1-V4MM73DE-3502EFYB},09/13/2010 07:49:00,KJS0618,PC-0133,Logon
{J7J2-H4PV49BS-8319YUGU},03/10/2010 08:17:00,SLP0762,PC-3922,Logon
{T9A3-K3EZ31WH-7160NYFM},12/28/2010 08:01:00,TLM0797,PC-4577,Logon
{Z5G2-K5WN17YN-0332DLTC},03/11/2010 15:59:00,NCO0666,PC-6519,Logoff
{S3X9-Q4VD81VP-2000UHML},01/06/2010 17:11:00,MMB0488,PC-6251,Logoff
{S1Y0-W2MN58PB-7040SWFC},08/06/2010 08:17:00,ASB0796,PC-1130,Logon
{T3U2-M4ZO27UN-6640APOZ},11/16/2010 11:02:33,JDC0030,PC-0246,Logon
{E6Q9-U1LZ58LQ-4639XRKQ},01/07/2010 15:44:00,JRG0207,PC-8908,Logoff
{M3W6-M8KL21HM-5353EGPV},02/10/2011 07:56:00,NNA0610,PC-1500,Logon
{M5L0-P6YQ20PX-2156BQUU},02/01/2010 11:03:51,BAL0044,PC-5179,Logon
{E4Q9-A6AN19YF-1401YIJF},05/11/2010 19:32:00,BMG0917,PC-6688,Logoff
{Q3P6-A4SO13IA-7441VHGH},04/08/2010 13:37:25,RAW0915,PC-2113,Logon
{Z4E4-P0VF42LN-5626UDBM},03/15/2010 08:24:00,CRK0916,PC-6417,Logon
{M2M0-B8VQ20SO-8504HSDF},03/30/2011 17:50:00,FGW0853,PC-8055,Logoff
{I0G4-K5NE14IL-2353XZFH},05/05/2010 12:32:52,DLS0383,PC-0120,Logon
{W2S9-M5BR67RD-6474XJKK},02/04/2011 16:38:47,IKP0472,PC-4124,Logon
{Y5L8-A1VO55MA-2780FKUM},02/22/2011 18:14:00,NMS0280,PC-8262,Logoff
{S0B6-D1QY48DU-1248CIUD},01/21/2010 17:10:00,HCV0478,PC-5977,Logoff
{Y1Q7-J9JZ13DO-1226YRKC},02/10/2010 17:42:00,KBS0874,PC-5106,Logoff
{N3B5-T9FH44MI-9729OOAP},06/04/2010 17:27:00,WAB0143,PC-8014,Logoff
{Z6B8-T1BG83PW-4840ELIL},05/13/2011 07:53:00,NDM0417,PC-9134,Logon
{R8L6-J7GD65OK-1952YDHZ},06/07/2010 22:41:16,QNP0216,PC-1275,Logoff
{G8K0-D1KK98RO-6930NQPY},04/06/2011 08:27:00,HDD0806,PC-6032,Logon
{J8B9-B9KB24IC-7462LNRX},01/15/2010 08:13:00,OBH0499,PC-7989,Logon
{S7B1-D9HV28OF-1320SSFC},03/23/2010 11:35:20,KBG0549,PC-0146,Logon
{O9Z1-B1FF71EE-5754YEVG},07/26/2010 09:01:00,ALD0529,PC-1187,Logon
{J2L6-U2AI86NW-2691HNFD},07/18/2010 14:03:19,IAR0694,PC-4124,Logon
{J4E0-S2TS64ZU-6935OARA},04/23/2010 16:59:00,IJM0444,PC-8734,Logoff
{J7S8-E1HW98EB-1569LMTV},07/23/2010 17:47:00,DAG0558,PC-0494,Logoff
{L7Q3-N9XS53PJ-3702ZVHK},03/31/2010 18:52:00,DJS0682,PC-5909,Logoff
{M8G3-H5RK52AO-3510EHQO},01/24/2010 14:04:02,HDD0806,PC-6032,Logon
{D9E7-H6BG07HZ-0468XAXD},02/26/2010 10:45:23,SVS0871,PC-2335,Logon
{S9V2-V2TI32CH-0686QGWI},09/09/2010 08:02:00,BDB0453,PC-1949,Logon
{M5M2-Y2YH82ZT-0691TOCW},12/10/2010 07:48:00,HVF0067,PC-9939,Logon
{G9V3-J6PF86HP-5333YQXE},12/27/2010 08:07:00,VCY0751,PC-5337,Logon
{F4N3-F1KO51WZ-7299SMYT},02/24/2011 12:54:59,PES0085,PC-3605,Logon
{V2X3-R2SI64YC-9005ECLB},03/01/2010 17:28:00,SMB0804,PC-6988,Logoff
{V6Y8-T5DS27EJ-4623RFHT},04/13/2010 12:00:58,LRR0148,PC-4275,Logon
{C3A4-K9UR63UO-8348GREG},02/03/2011 15:48:00,ARL0034,PC-9080,Logoff
{H5I9-Q7CX34VI-6415OMWH},06/04/2010 18:22:00,LUR0896,PC-9067,Logoff
{H5V5-H4TP60WM-6581XIHT},10/14/2010 18:08:00,FTM0406,PC-1786,Logoff
{I0U7-O0PW31CV-0375EQZJ},11/10/2010 22:30:20,DMG0358,PC-2417,Logoff
{X4K0-X6QF60AP-5210PCJB},09/21/2010 07:06:00,QNF0205,PC-0683,Logon
{W9T8-G6XV02GK-8326MTSD},02/28/2011 17:09:00,NMC0486,PC-4455,Logoff
{T9M9-L8TU13JI-3347NXNF},04/11/2010 16:28:00,SBN0971,PC-0151,Logoff
{L8P9-F6QR64AP-3939HVWJ},07/30/2010 07:47:00,FLM0213,PC-8453,Logon
{X7P1-T3ID27UC-0673ADCX},01/07/2010 07:19:00,JGM0934,PC-3301,Logon
{H3S8-T9JA16KY-8665GJCV},05/07/2010 10:14:40,AJR0319,PC-4736,Logon
{I9H5-Y5JV66TH-3505DXZF},07/18/2010 16:58:00,IIW0249,PC-0843,Logoff
{J0T3-F7ZN36HA-0173WFHU},04/25/2011 08:32:00,IYB0918,PC-6119,Logon
{K0I6-U4QA23XY-1014NKOE},10/01/2010 18:08:00,MLG0475,PC-7399,Logoff
{Y8N4-C6AU26YU-1104LZIR},01/12/2010 18:09:00,CCL0068,PC-7699,Logoff
{N4C2-W9LC87EO-7257HDJV},01/06/2011 08:33:00,PAD0773,PC-3959,Logon
{D7D2-Y2PV09ZR-3324FNNB},05/06/2010 07:48:00,EMS0317,PC-9647,Logon
{V9G9-Q2BW56RJ-6285XTID},05/26/2010 14:46:07,HWH0646,PC-8087,Logon
{M0J6-L1FZ71RE-2174VSVC},06/03/2010 14:08:02,HCV0478,PC-5977,Logon
{A9Z3-H5GX30XL-2792KJYE},04/13/2011 07:22:00,FAW0032,PC-5866,Logon
{R5J5-I0WY54FF-2554RQEI},08/30/2010 18:57:00,KKC0683,PC-2690,Logoff
{D8L8-F6IB83GX-2205KIDG},03/07/2011 07:12:00,MLM0950,PC-9787,Logon
{D4W2-O1LB95WI-8065KTQF},12/21/2010 15:07:30,MIB0904,PC-7811,Logon
{C2D4-A7ZW23JY-0760YOBE},09/13/2010 18:08:00,ANP0555,PC-6173,Logoff
{I2K1-F8MY54RH-3929CHYQ},01/22/2010 07:44:00,DTT0076,PC-9973,Logon
{G8D4-U7ME26KJ-7958AIKK},04/06/2011 07:09:00,NHH0185,PC-3723,Logon
{Q2K4-E5TV51GM-0936YTXW},02/16/2010 08:10:00,CNE0352,PC-2766,Logon
{D1G4-V1LS65TV-4548PZHV},10/07/2010 08:15:00,HGH0595,PC-7311,Logon
{S6X7-S8LS48OJ-3625WRBM},02/16/2011 08:03:00,IJM0444,PC-8734,Logon
{Y6N9-U5VR64IA-9420VGUV},02/26/2010 15:43:00,KTG0091,PC-7913,Logoff
{T2Z4-V1WA59GZ-4460YNTB},02/21/2011 07:46:00,IBB0696,PC-4289,Logon
{A8Z6-N6HX14CD-1025AJUO},01/28/2010 16:43:03,CSP0197,PC-4124,Logon
{S1V9-L8TQ48MP-2573EHXJ},05/27/2010 18:11:00,CMS0454,PC-4155,Logoff
{Z8A2-D7EM59KA-2936QYMA},03/03/2010 15:59:00,ASL0378,PC-5031,Logoff
{I8Z7-V7NZ73XS-9299SZEO},04/07/2010 12:35:28,SGM0021,PC-1528,Logon
{G9A3-R0PO72CI-7890OAIS},09/08/2010 17:19:00,MMB0488,PC-6251,Logoff
{X3H7-W9QF58JG-1304YZUA},04/05/2010 07:07:00,ONL0276,PC-2891,Logon
{P9U6-N2DT14QG-3503QJXO},06/16/2010 17:54:00,JJH0292,PC-5941,Logoff
{N2R1-S0MV36WJ-9163PRNW},08/10/2010 07:36:00,DTT0076,PC-9973,Logon
{F7N0-D8DT03OB-1909GFBO},12/30/2010 15:58:00,NCO0666,PC-6519,Logoff
{L0M5-U8RD72WF-3386AITE},05/18/2010 07:53:00,JPW0741,PC-5762,Logon
{V4F1-A5MJ04UN-3569EWVN},05/12/2010 07:09:00,DJB0159,PC-3907,Logon
{R9K7-M2OP90XU-6143ILMP},02/23/2011 17:14:00,RAG0275,PC-3094,Logoff
{X5C5-Y7LQ63ZC-4022DMHO},12/20/2010 08:30:00,HAH0760,PC-1038,Logon
{Z0Z3-Z6EQ70VE-5901DGUZ},06/29/2010 08:30:00,NMG0766,PC-6258,Logon
{S1V0-J4KX03WR-4607GUGU},10/14/2010 08:25:00,PTH0830,PC-8118,Logon
{L4A2-B0BR39WE-1444XJVK},04/11/2011 21:03:00,HCL0651,PC-8314,Logoff
{I3N8-N2QR62MQ-6440ONTN},08/02/2010 11:25:35,GCG0951,PC-4704,Logon
{L3H6-W7GR98VI-4797YYRI},08/10/2010 08:02:00,MHG0244,PC-9988,Logon
{V3W6-L4QD01DO-1480IWII},02/16/2010 08:07:00,MLG0475,PC-7399,Logon
{E1F7-J5HR83CK-2126AKHJ},04/20/2010 13:12:43,KMB0922,PC-1725,Logon
{S9C1-R3JJ45IK-7816IHIH},02/05/2010 07:51:00,AIP0982,PC-3733,Logon
{F6R4-L8QG60FU-7951QIIU},11/12/2010 15:21:43,VAA0087,PC-3847,Logon
{I8M2-Q2UB68WN-8492SVGG},11/23/2010 02:01:42,ACC0042,PC-8354,Logon
{Z8Q6-X3AO89UT-2013IEFG},04/22/2010 08:27:00,SSJ0784,PC-0840,Logon
{Y0T1-E2ER28EI-6772EBHY},01/20/2011 17:04:00,DSB0731,PC-9254,Logoff
{O1K5-Y5MS55DF-3485EXEO},01/08/2011 18:15:00,NMS0280,PC-8262,Logoff
{R8K0-P6RD56SX-9241NKBD},02/03/2010 17:53:00,ICH0294,PC-8526,Logoff
{O4B6-H8AB24FP-4013DJTA},09/17/2010 15:40:00,IMG0320,PC-0422,Logoff
{V0N0-T2PI32MO-8367FQZK},01/13/2010 08:32:00,MSG0839,PC-3227,Logon
{D8W1-M9VT56SW-8678VJSZ},03/25/2011 12:15:29,RVF0201,PC-7899,Logon
{F8W4-I7SD21XE-2170JZXX},06/22/2010 07:53:00,CRP0456,PC-4328,Logon
{B0C2-J6UJ78SZ-4572WJHT},05/02/2011 16:57:00,GCC0744,PC-3935,Logoff
{U8V8-R3MN05CI-8423ORTV},06/28/2010 07:53:00,ERH0449,PC-1389,Logon
{I4G1-R8QQ24RR-5182LNOY},09/27/2010 08:05:00,BXJ0010,PC-2231,Logon
{W9E8-K8AN62NU-2002GWCK},03/18/2010 09:05:00,SSR0278,PC-5083,Logon
{M4I2-H0UI86QG-5246IBZS},02/26/2010 18:23:00,CSJ0340,PC-1518,Logoff
{N1Z0-P7FY62SL-9275UPNK},01/06/2010 08:00:00,FBW0747,PC-2349,Logon
{F6E1-W4MS62DW-4250FBQI},03/26/2010 07:50:00,BAM0611,PC-3620,Logon
{I1W5-A1UP83HX-7011IHPH},04/17/2011 14:58:05,BVC0790,PC-0008,Logon
{N7W6-D1HS49PU-9846ZBHD},05/03/2011 17:35:00,LTS0860,PC-1651,Logoff
{A7S8-J7WA08IL-2639ATUF},12/10/2010 16:59:00,MIM0712,PC-1526,Logoff
{R2W0-F6UL44YN-3880RJEO},11/18/2010 18:03:00,HBO0413,PC-7384,Logoff
{V9Q4-C6TV84SH-2640XEYJ},01/06/2011 16:03:00,ASV0946,PC-2806,Logoff
{P9F1-R2YX64GV-2300NTDM},05/16/2011 07:15:00,ELH0960,PC-7775,Logon
{D9J7-A2LP83ZC-0362VAYD},04/27/2011 07:59:00,EHB0420,PC-1586,Logon
{Y5F3-O3MT77KD-1295BOPK},05/07/2010 13:10:54,SCP0130,PC-4124,Logon
{E4S9-K7VY28UK-4077RDUL},09/27/2010 09:11:00,ZMC0284,PC-3947,Logon
{M6K9-P3JU44YQ-2455MIFD},12/16/2010 08:11:00,JBM0350,PC-9744,Logon
{W7K1-B0FM18MA-6600GOOU},06/28/2010 08:52:00,PSF0133,PC-4925,Logon
{H5G4-G2GB01WC-7850IJVB},03/30/2010 08:02:00,KPP0452,PC-3989,Logon
{C9S3-A4LW93KX-3632QICN},02/24/2011 17:03:00,SCF0608,PC-8864,Logoff
{L8P1-Q3WY66LZ-0897CUIN},09/09/2010 18:10:00,SCP0130,PC-2057,Logoff
{U4F4-K7UR68VA-4942VJJB},08/10/2010 18:06:00,KJG0910,PC-7082,Logoff
{Y4J2-S0LG77CX-3661CELU},04/09/2010 18:29:00,SLT0907,PC-1708,Logoff
{Y8U4-D3WJ77IC-9272NFFA},05/05/2010 20:25:00,BWH0813,PC-5110,Logoff
{Q2N5-K1GN16UL-1738TVDR},01/04/2010 12:38:12,CTR0697,PC-1282,Logon
{R1B2-G8DI47HP-5434BRTX},04/05/2010 16:30:00,GCC0945,PC-6694,Logoff
{Q4L8-X0LP99KP-8675RFCA},11/01/2010 08:32:00,BWH0813,PC-5110,Logon
{H9U6-R7CW09BD-9200QVWH},05/10/2010 07:17:00,LHB0967,PC-2996,Logon
{I8M8-O4GU93CS-8063UGUL},08/05/2010 12:26:23,BKW0374,PC-5117,Logon
{I6M6-C8PW50OO-2169GBNN},09/29/2010 07:52:00,AIM0627,PC-3297,Logon
{V5E4-F1JY53FG-8030MANZ},02/24/2011 23:11:08,WDD0366,PC-0155,Logoff
{S4Y6-U3EK59KO-7565TXGM},03/21/2011 22:54:01,JAV0361,PC-5508,Logon
{X6U8-J8FR74VE-5532GUCH},04/20/2010 10:41:49,HAD0246,PC-0926,Logon
{I0O7-H0WF03KW-6625LOTW},03/01/2010 07:45:00,MKG0711,PC-2368,Logon
{U0L6-K0KW62KS-9294ANQX},03/01/2011 17:53:00,HGG0240,PC-1108,Logoff
{G0L7-B5VO83NG-6886LAYY},11/01/2010 19:29:00,AES0827,PC-2770,Logoff
{U2B0-B3JS92IP-5640REDS},10/01/2010 18:37:00,WPE0538,PC-5785,Logoff
{F0K8-J2KC73ST-8212YUWG},03/29/2010 11:34:53,AIP0394,PC-3942,Logon
{K5E6-H1EG03NF-4600QDPG},03/13/2010 07:49:00,BRS0734,PC-4785,Logon
{O8U6-O2IZ17VC-8220SPZH},09/29/2010 12:37:15,SRH0155,PC-9919,Logon
{I0F7-A3LX88AL-3752AADB},04/14/2011 08:30:00,JDC0030,PC-0246,Logon
{Y1Q2-R9HQ56ZN-3014TAYX},10/22/2010 08:31:00,BHC0665,PC-6706,Logon
{B1Z7-A2LH15ER-7206RVFN},03/22/2011 17:21:00,CAM0102,PC-6247,Logoff
{Z0L1-X0YD74XF-5427LPQZ},01/31/2011 17:06:00,RCC0617,PC-8214,Logoff
{U6U6-R7QA28MS-5030GZFQ},09/27/2010 09:18:00,TLK0993,PC-2064,Logon
{P8P8-B2AF50UT-5449GOKL},02/21/2011 09:18:00,HRL0540,PC-1117,Logon
{P6B8-U7LQ21RG-7486ZUIV},02/08/2010 07:47:00,SRS0231,PC-3684,Logon
{B9Q2-L3HD31JY-1217ZSPM},04/07/2011 07:40:00,WXH0872,PC-9460,Logon
{I9R8-A7ON07KJ-8056OZFA},08/30/2010 17:57:00,KRM0541,PC-4722,Logoff
{G0R5-K9UL07LF-8672HVIG},03/04/2010 19:44:00,TRK0914,PC-6523,Logoff
{T6K0-E8KB32OR-7046LTGK},09/07/2010 16:43:00,UAD0771,PC-2499,Logoff
{Y7Y7-O7IZ76JQ-2621PRCT},10/22/2010 07:17:00,KSP0966,PC-6985,Logon
{C3N5-Y3DA65FJ-6603MFAJ},02/07/2011 08:48:00,JJH0292,PC-5941,Logon
{W6R6-Q9VI25MY-2858YJMI},08/12/2010 15:56:00,KCS0173,PC-5117,Logoff
{A3D7-G2CB73JD-5269BCKP},06/11/2010 18:04:00,AGB0186,PC-8410,Logoff
{C8A0-C8EP20BM-8041CEBR},10/27/2010 08:58:44,WDD0366,PC-4124,Logoff
{I0I6-B3TH56TL-6026FJTL},02/08/2010 19:40:00,IJR0825,PC-8560,Logoff
{C5G0-P9PL63GS-0919QFWC},02/07/2011 08:23:00,AKC0924,PC-0985,Logon
{N9X9-H9GI58YI-7435NJGC},06/17/2010 15:30:00,DVM0265,PC-3324,Logoff
{H8S1-H2ZR83YJ-2860FKUY},08/02/2010 13:52:13,SDB0106,PC-3847,Logon
{C1R2-N9NO67RD-0224DUYX},09/07/2010 13:02:46,GZC0735,PC-8219,Logon
{B8A2-O0FL07SG-6767SCHD},05/20/2010 07:47:00,DZC0228,PC-7478,Logon
{K6H2-V4IN47YT-5734LBCZ},11/09/2010 21:35:36,QNP0216,PC-9134,Logoff
{Y8M1-D6AI39GT-6207IOYU},01/31/2011 16:40:00,HAH0760,PC-1038,Logoff
{V1E1-O0PL67ET-0838JLMK},03/02/2011 09:06:00,MVB0515,PC-3476,Logon
{O5E5-P4UF06IP-8335OZTT},07/01/2010 07:39:00,WAS0254,PC-0470,Logon
{Q7O0-D8AA79EE-7768JATD},10/07/2010 16:07:00,KDS0349,PC-1478,Logoff
{M8N4-M5HO43UP-1399CORS},02/18/2010 18:14:00,KBG0549,PC-0146,Logoff
{A7W6-Z6QM14CM-6761WKKU},04/26/2011 07:53:00,AAV0450,PC-6419,Logon
{D2J2-B8WT18CT-8905UJWD},09/22/2010 13:26:07,TDJ0998,PC-7508,Logon
{U4Q1-Q7AQ87NN-5763TJTK},05/19/2010 19:17:00,TJD0996,PC-7107,Logoff
{P9B2-Q8QS00VI-1526EEFS},02/07/2010 11:28:12,WPR0368,PC-4707,Logon
{K8T1-Z5EI28JI-1662UWHN},02/22/2011 19:12:00,MDH0686,PC-9901,Logoff
{G8B9-N7AW62EQ-1798FMLK},04/29/2011 07:54:00,BXJ0010,PC-2231,Logon
{H9N7-F4QD89ZD-0453LACB},04/13/2011 08:12:00,CBG0490,PC-3005,Logon
{O0K2-G3LW46HA-0242BPXT},06/07/2010 08:02:00,ESJ0670,PC-2321,Logon
{G4M8-N2HM09JE-3995LJMI},08/03/2010 18:08:00,HFB0347,PC-0524,Logoff
{T5A1-W9GV37QU-4191UGER},02/22/2010 06:53:18,AJF0370,PC-5595,Logoff
{P6H0-B8YH01VO-7626YMNC},10/15/2010 19:30:00,ECF0828,PC-8501,Logoff
{F2M5-D8WJ85WG-6988FUFL},01/05/2010 13:23:18,TSG0906,PC-0669,Logon
{U4S5-F0YL60FG-6428OYDQ},01/28/2011 14:33:05,IUY0279,PC-9140,Logon
{C1R1-W1DG29RG-8621MJIU},05/10/2010 07:15:00,ROB0272,PC-6933,Logon
{L8J1-M2DZ43KC-8646WYTO},01/04/2011 08:32:00,KCB0815,PC-0426,Logon
{G6A0-U6XP49YN-5061AEEL},11/03/2010 07:26:00,JCC0225,PC-6711,Logon
{V4T7-Q7XZ14EN-5699MFXJ},01/10/2011 07:17:00,ATF0274,PC-3459,Logon
{N5T0-O3BS91HB-5605AGCV},05/21/2010 16:53:00,EDB0714,PC-6103,Logoff
{V9Y0-S2ZJ58NS-1135DLBY},01/11/2011 07:47:00,IMG0320,PC-0422,Logon
{K5B0-T9TX65WE-5053QYAN},02/04/2010 07:26:00,CSL0949,PC-6544,Logon
{B9J9-V4TG76WQ-9892TESW},08/03/2010 16:45:00,CKP0721,PC-8097,Logoff
{S1R4-B8BR09KH-8585BMJZ},01/22/2010 15:33:00,EWH0191,PC-4545,Logoff
{Q3E2-Y9NZ16XP-4751KLQV},03/29/2010 18:07:00,ILR0304,PC-5480,Logoff
{H7B7-X5CH99XW-2250TZQG},02/07/2011 19:11:12,BTN0061,PC-4124,Logoff
{Q5Y5-Z6RF16EW-1240BTZW},07/16/2010 09:19:09,RLG0856,PC-1998,Logon
{T5T0-Q8HW15LB-0273HAGA},07/29/2010 08:22:00,HSB0196,PC-8001,Logon
{F0H0-R8CT50DC-0778QBSW},03/30/2010 09:15:00,XHG0902,PC-2813,Logon
{R4H9-Y2GS06OE-6017VJCN},02/25/2010 09:25:25,MCF0600,PC-4124,Logon
{T1C7-K8RQ75QY-3350TRAM},02/09/2010 07:18:00,KSP0966,PC-6985,Logon
{F5E1-E7ZA73AM-7359CNNA},01/07/2011 17:14:00,BSH0445,PC-6194,Logoff
{B3L6-X3WP79ND-8370WAHM},05/28/2010 18:09:00,TIW0299,PC-5781,Logoff
{Y8M1-O5JK16EJ-6626YFTQ},02/28/2011 18:11:00,AKK0329,PC-2072,Logoff
{A7M6-X5HN41SU-2548WOKZ},03/24/2010 18:42:00,DSM0591,PC-5518,Logoff
{A8C1-M7MW31OK-9133DPKG},05/05/2010 16:44:00,DMK0257,PC-1279,Logoff
{U5N0-O5FK92MJ-3110MMYN},12/13/2010 16:14:00,MMG0943,PC-2370,Logoff
{L1A8-X0MF66LR-6318BJCQ},05/11/2011 17:00:00,LCD0622,PC-0235,Logoff
{L3O1-G1NV46KG-9830IOJR},07/15/2010 16:27:00,SSJ0784,PC-0840,Logoff
{V5E2-P2RP09UN-5851NYAT},01/02/2011 18:11:00,EHB0420,PC-1586,Logoff
{T3J1-D3VT71HC-9916EHFB},12/28/2010 00:37:57,CBB0365,PC-2066,Logoff
{D2E4-G0UG21MU-4111ORDP},03/14/2011 18:00:00,RRP0568,PC-3735,Logoff
{Q6V6-W1CW53OU-7617RYYQ},04/28/2010 08:56:00,MVB0515,PC-3476,Logon
{M3E9-N2GS02ES-2063SSFY},01/18/2011 12:29:13,EIS0041,PC-9255,Logon
{N1A2-M2OB29RF-6968KKSB},03/04/2011 08:38:00,JFC0757,PC-1394,Logon
{J7Q0-H9PV58QE-3518LJVE},03/31/2010 16:19:00,PAD0773,PC-3959,Logoff
{Y1S8-H6WN96XC-1249GYVL},08/06/2010 18:56:00,FSB0399,PC-1275,Logoff
{Q8T4-A4CN12ZE-8489SELO},08/17/2010 07:15:00,CIM0271,PC-3291,Logon
{T0L4-Q4XK07YL-9259ZZIL},12/02/2010 15:38:00,USH0199,PC-3581,Logoff
{P4F6-J1BW23OR-4857CZLY},03/23/2010 08:12:00,NAH0503,PC-8267,Logon
{F9R1-A1KB58FT-4191BWJY},04/29/2010 08:18:00,JXH0493,PC-0692,Logon
{K6T7-S1BG87WD-9419VVJG},08/02/2010 17:06:00,NAH0503,PC-8267,Logoff
{M7D7-M4ON76KU-9889DGUO},04/06/2010 09:01:00,TLK0993,PC-2064,Logon
{L5I2-U0XK46HR-0948WLNT},06/18/2010 08:09:00,CSB0080,PC-0731,Logon
{Y7N7-E9YK01DE-0414OZTE},06/29/2010 06:39:01,TSM0363,PC-2768,Logoff
{H8T3-X1DV04MD-3024CPSM},02/10/2011 09:11:00,DKB0631,PC-0818,Logon
{I9E5-R8WK08FR-5010FDNA},04/01/2010 16:26:00,KSP0357,PC-8331,Logoff
{B9B8-E1XF21EP-6041LLEH},11/30/2010 08:30:00,PNH0761,PC-0365,Logon
{L2E4-K9QR17OW-8646HKSC},08/24/2010 07:21:00,OMS0101,PC-9507,Logon
{S2R8-O3CU36HO-4058PGIV},03/11/2011 19:15:00,FDE0117,PC-1772,Logoff
{X0F6-H1XM71FZ-8308FOPD},02/15/2010 07:32:00,RYB0718,PC-4030,Logon
{D9J3-E9TU82GC-3940QIAV},01/06/2010 21:45:20,HWY0038,PC-4547,Logon
{T5L7-L4KX04TW-0932QCHD},04/13/2010 18:29:00,ASD0577,PC-6601,Logoff
{Q1M7-C8HZ44PO-3826NIAG},02/12/2010 14:39:11,CGB0637,PC-8508,Logon
{W2F2-E1OS74SQ-5482DJCG},04/30/2010 17:08:00,CNE0352,PC-2766,Logoff
{Q4P6-W4DX29VN-2662AMYJ},04/16/2010 07:39:32,JJM0203,PC-4124,Logoff
{I5V8-X2LC24UZ-5331CXFZ},01/14/2011 03:46:55,TSM0363,PC-9711,Logoff
{D0F8-W6AT44YB-4386GGRT},03/29/2011 12:28:24,IAR0694,PC-2804,Logon
{H3V4-V7QE29CN-5273DXHM},06/02/2010 16:28:00,DHM0937,PC-7941,Logoff
{J2N1-Z4BF47XM-3305FMCN},11/22/2010 07:18:28,MNS0224,PC-6035,Logoff
{B1V9-O4YJ24JB-5218JMDS},04/26/2010 16:14:00,HDS0367,PC-8680,Logoff
{N7X1-E4GD28XK-4228GXVY},05/13/2010 12:31:23,MLM0950,PC-9787,Logon
{R4X4-D0EF77KN-8528FRUG},11/15/2010 07:03:00,BLL0929,PC-7375,Logon
{A9D0-Z5NV22QG-2541ZCRR},09/20/2010 13:07:03,ECL0930,PC-8127,Logon
{B3A2-Y3JZ49KC-0578HZOY},01/18/2010 16:08:00,VTT0385,PC-5027,Logoff
{F0M0-X1OT20MC-5978UXQL},05/10/2010 08:04:00,KAL0395,PC-0004,Logon
{U4Q8-G8CX78BV-9342IHHX},01/03/2011 18:04:00,CJV0286,PC-6566,Logoff
{L7X8-K3PJ73HG-3460XYHQ},04/26/2010 11:52:42,AOK0844,PC-4659,Logon
{W1I4-F4MG41UN-3397QVZR},02/01/2010 16:28:00,SAK0375,PC-1745,Logoff
{M1K4-W3CF69VI-9583SZEL},02/23/2011 16:23:00,IRM0931,PC-7188,Logoff
{M1E0-E3VW98UY-6527UIZM},04/30/2010 16:20:15,EZT0640,PC-4124,Logoff
{O5F9-Q6II16KO-1432LVIO},03/25/2010 12:43:26,BTR0403,PC-8277,Logon
{U2X3-H7FJ99AC-7590NSGH},05/07/2010 16:07:00,DLS0383,PC-0120,Logoff
{O2G8-D4UZ82ZH-2409NUHG},05/14/2010 18:14:00,HRB0351,PC-0697,Logoff
{S3V6-A0WR07II-1931SWAX},05/13/2011 19:33:00,ELB0847,PC-9661,Logoff
{R5V1-R8AI19DW-8804JOGU},12/02/2010 17:58:00,KSH0569,PC-1395,Logoff
{T9X9-L3SY07YM-2364VUNP},02/17/2011 08:15:00,JRS0362,PC-5053,Logon
{L6B8-P4QH90QD-6343NOSA},05/25/2010 08:00:00,GLR0975,PC-5468,Logon
{L6Q5-U5CV95IP-8336DEVW},07/20/2010 15:43:00,BDV0168,PC-2464,Logoff
{H2X0-I9FZ56UM-8862BMNC},04/19/2011 02:38:31,SAK0375,PC-0508,Logon
{Z2A7-M2SE72JG-1343VQZF},02/02/2010 11:24:42,JHP0583,PC-9083,Logon
{Y9A7-A0XY28VZ-4504LDIH},04/09/2010 20:50:09,MSO0222,PC-6382,Logon
{U1M4-E5WX20HC-2582IOIQ},07/29/2010 08:19:00,ASB0796,PC-1130,Logon
{G6Z6-L1OO89PS-3110UPDY},03/17/2010 12:36:01,RTO0313,PC-3311,Logon
{P1Z9-C4VK11VE-4159GKTE},06/09/2010 03:16:09,QNP0216,PC-7941,Logon
{H8G3-I2AN46YD-3166SFHY},09/23/2010 07:58:00,MSS0001,PC-3952,Logon
{Z3X6-M4OB97MF-4114IJSP},08/31/2010 07:48:00,WAS0254,PC-0470,Logon
{G7W2-T4DJ39OM-7055SSIG},04/29/2010 18:53:00,CCH0685,PC-7039,Logoff
{M0E9-N8RG01WG-3678TCTI},02/14/2011 17:09:00,SCB0534,PC-5764,Logoff
{B4X7-G4HO56KB-8438CIDS},02/15/2010 18:00:00,EHB0420,PC-1586,Logoff
{L1O8-T0NP17KI-4588FFLN},03/02/2010 09:04:00,JJH0292,PC-5941,Logon
{X2M2-G9QV73PV-6508IBML},04/18/2011 13:09:48,NAF0326,PC-0384,Logon
{C9M5-Z5XV66QP-5491GZRM},03/17/2010 17:14:00,ENL0100,PC-3494,Logoff
{W6H2-M8FR60QN-5220XEXF},11/16/2010 06:41:15,SOB0360,PC-7082,Logoff
{T9K5-N0EW00NJ-1743EHSM},03/01/2011 16:55:26,RSM0277,PC-4124,Logoff
{T2O2-H3WX68TN-5047QISM},05/09/2011 13:44:26,KCB0815,PC-0426,Logon
{F3C9-W9UM09FC-2881KTNK},05/11/2010 13:08:03,UFK0208,PC-3343,Logon
{Y1H4-Z9DL45RT-3598TRZV},03/16/2011 18:37:00,KVT0028,PC-8654,Logoff
{B7D3-C6MJ31XS-6509BTVB},05/06/2011 08:15:00,AMH0794,PC-2574,Logon
{D2E1-H8JA09WN-7092GLGX},01/06/2010 07:02:00,SSS0345,PC-3543,Logon
{D1C0-J4MT11LY-0185NLEG},07/28/2010 07:27:00,SBD0913,PC-0262,Logon
{N0T6-T9LK52NM-8784KNDP},03/17/2010 20:30:00,ACV0812,PC-2550,Logoff
{Y4Z1-E2VO04LE-4926YYCX},02/14/2011 07:59:00,FSB0399,PC-1275,Logon
{D1R5-P9HH76SK-5851GUSC},05/12/2011 16:00:00,JPA0667,PC-6034,Logoff
{K8I6-V0FK47YJ-6182HEIX},04/06/2011 18:16:00,KDT0346,PC-7238,Logoff
{L4R6-J9DZ78TN-5439HFKE},03/16/2010 08:12:00,ALD0544,PC-7552,Logon
{V5A1-W7EV66WK-2496AJAM},04/21/2011 09:22:00,IBP0883,PC-8494,Logon
{O9Y8-F5YD73XI-1016OOAQ},04/07/2010 17:12:00,QRM0739,PC-7343,Logoff
{W1M4-E4AP96ME-6122ZTMX},10/25/2010 08:23:00,TJD0996,PC-7107,Logon
{K3G1-N9LO92LH-2785QDQC},12/10/2010 15:34:00,CPG0322,PC-4905,Logoff
{D3L1-F7FW38KP-5459YJCY},06/18/2010 08:02:00,RMW0542,PC-7543,Logon
{Q5C4-Q1LR72YN-6964ENRR},06/28/2010 09:14:00,HWH0646,PC-8087,Logon
{M0W2-Q6MN51UB-6310CULJ},11/29/2010 17:28:00,KBC0054,PC-0181,Logoff
{G8C2-I9QP66XM-4345CSFX},05/17/2010 08:10:00,CBB0365,PC-5133,Logon
{E5P2-X5BK33KN-2030AYVS},09/14/2010 18:34:33,KRV0372,PC-5066,Logoff
{E1S8-S1YM99WL-9302JNTS},07/23/2010 04:30:02,WDD0366,PC-2924,Logon
{D6B6-B6KR80CW-2354IXDW},02/22/2011 17:11:00,RBB0485,PC-3093,Logoff
{V3Z7-K7AN99BZ-5964XSPD},04/23/2010 15:42:00,NAF0033,PC-7609,Logoff
{K0Z3-J7BE42RP-3358MCEL},09/29/2010 10:05:16,SED0886,PC-4124,Logoff
{L0X2-H1XP02SL-0128TSNL},06/15/2010 15:50:00,CCW0031,PC-6286,Logoff
{S4X2-W6HO32OU-3358TODU},01/20/2010 18:29:00,HAC0282,PC-2674,Logoff
{L5P4-M5EY29MG-2890GLSB},08/11/2010 08:10:00,TTD1000,PC-8758,Logon
{U7Q2-E1SO46NK-4170MUCR},12/06/2010 19:01:00,NNS0059,PC-5081,Logoff
{A8S3-V5MD02MF-0393EGZF},09/24/2010 03:10:39,BLS0678,PC-6031,Logoff
{Q2V4-E6KJ26JE-2512VCIK},10/18/2010 09:00:00,LUR0896,PC-9067,Logon
{C4K2-M4ZD48GC-1502BJWE},03/30/2010 09:24:00,KLM0639,PC-7387,Logon
{G0Y4-L0YR89CP-0347FBHY},01/24/2011 20:37:00,IBB0359,PC-0669,Logoff
{M6Z3-X9JO97PJ-8012EEVL},12/13/2010 18:27:00,SDB0106,PC-2046,Logoff
{Z5I4-Z4SP86KV-9989CNLE},05/10/2010 10:10:01,ILJ0526,PC-4124,Logoff
{I9Q7-D7GR35XO-5319XCVH},08/13/2010 13:17:03,AMR0318,PC-6239,Logon
{D1P5-Q8FG31YS-6692DFBL},07/08/2010 16:25:00,AWM0764,PC-6786,Logoff
{J1N4-F5LU05ZD-5515ZGPS},10/29/2010 15:37:00,MCJ0324,PC-7595,Logoff
{G9I8-P6UV77MZ-6999WKQM},03/30/2011 18:33:00,JDF0593,PC-6301,Logoff
{S8D2-U5PY12AU-1645DAXO},04/12/2010 15:46:00,RNP0211,PC-1736,Logoff
{O2I1-C6OX49XZ-5295TVMV},05/04/2011 16:11:00,RJM0381,PC-8800,Logoff
{P3X8-K3GG95GF-4911SHDX},07/27/2010 12:44:44,HCW0419,PC-3772,Logon
{C4F0-L8VJ25GR-0788QAIT},03/18/2010 18:02:00,WLV0566,PC-7162,Logoff
{X1X7-D9MK86DW-1513OVBD},01/04/2010 08:48:00,CAM0681,PC-4953,Logon
{Q8L4-T7UG04NK-5596UUYI},05/07/2010 07:10:00,ELH0960,PC-7775,Logon
{I2W8-E1WM84LE-9684ZLFW},03/26/2010 16:27:00,CBB0365,PC-5133,Logoff
{I1D7-Q6XO10CX-4447AVNY},04/01/2011 09:02:00,WLV0566,PC-7162,Logon
{M3O1-S9MA22VL-0252FBFU},01/27/2010 08:04:00,CTW0500,PC-9777,Logon
{B7B9-V0JA45XY-7720YNUO},06/17/2010 07:19:00,CWB0065,PC-4621,Logon
{J9G0-M7SL62NQ-6182ENFL},07/07/2010 15:45:00,BBG0325,PC-6609,Logoff
{T0B2-J4IB51UT-8000AQAW},09/03/2010 07:52:00,AMH0464,PC-2059,Logon
{N8U7-L7JH71RL-3888LEPB},04/27/2010 19:32:23,FIR0920,PC-4124,Logoff
{H0P1-S2CC55EJ-5145AFDU},04/28/2011 07:41:00,CCR0863,PC-7342,Logon
{J4B0-P9QQ13DM-9547EWVM},03/09/2011 09:19:00,BAM0636,PC-8138,Logon
{R9A3-P7QK83IK-4083BBNF},02/17/2010 08:26:00,AWM0764,PC-6786,Logon
{J8K2-O6JA43JA-1975WQKR},10/19/2010 08:19:00,ABM0845,PC-9714,Logon
{T1H2-Z3QC79MU-6027QNBJ},02/03/2011 13:14:48,CSH0626,PC-6016,Logon
{R5S5-Z1AQ98MG-3953TOTZ},06/02/2010 19:20:00,JAJ0849,PC-9819,Logoff
{I7I4-H2ZO24SZ-8647HAXB},03/18/2010 08:22:00,FHS0837,PC-9747,Logon
{W5G8-H3RH66CJ-0776PSAL},08/18/2010 08:18:00,JSA0775,PC-3587,Logon
{X6D2-H7YL18OV-7481IJYT},05/03/2011 09:04:00,ZSB0649,PC-5343,Logon
{E7I0-R1HN75JL-9893BSAG},03/18/2010 21:19:00,HWH0646,PC-8087,Logoff
{T5O3-T0ZL73HX-7959NHWD},02/09/2011 05:24:38,KCF0045,PC-7902,Logoff
{J1W2-E9IV51SY-4879WYLJ},06/16/2010 09:01:00,JML0909,PC-0724,Logon
{V6Z2-R5ZP85OX-5768EADL},07/22/2010 18:35:00,JRL0574,PC-4386,Logoff
{B3Y3-K8GC20UX-7863YFJP},11/19/2010 18:11:00,OYM0026,PC-9261,Logoff
{Y4T0-I1TW13PM-5486NVJN},02/01/2010 18:11:00,BSS0463,PC-9166,Logoff
{I8M9-O5DS73WQ-5899VUUO},04/28/2011 07:55:00,HMW0713,PC-7974,Logon
{Y1S2-Q2ZA52DY-5727HNEG},07/12/2010 09:16:00,XRS0633,PC-1099,Logon
{A2X5-Q2JW46GT-5216LJGL},06/28/2010 16:26:39,MJM0510,PC-3847,Logoff
{A8H7-F6AB84AA-4343EZGI},05/17/2010 05:53:22,CSC0217,PC-6112,Logoff
{T2J2-S5ZK64ZM-3104SLJK},02/03/2011 07:57:00,MIC0726,PC-9791,Logon
{T4C0-D4XH95FM-4310EDYU},01/03/2011 19:30:00,IJR0825,PC-8560,Logoff
{H8B2-L1VY63BK-0940LXFB},01/31/2011 18:16:00,DFH0188,PC-0205,Logoff
{Y9O3-O1AC85IZ-1306EKXB},01/07/2011 08:16:00,WDV0573,PC-4983,Logon
{E4I4-Z4ED93LS-6233JMBJ},10/06/2010 21:12:41,DFR0218,PC-2896,Logoff
{V2T2-Q7LP50ZD-6784WFHF},04/19/2010 12:02:36,DIB0081,PC-3847,Logon
{N6P7-B0ST67WN-0038OVOI},03/03/2011 07:46:00,ARL0034,PC-9080,Logon
{M5Z1-S6CX38KL-7438IPDI},12/28/2010 07:14:00,NWT0098,PC-4667,Logon
{M7R4-G6PC70VA-0491PSIE},11/08/2010 17:05:00,MVB0515,PC-3476,Logoff
{B0F5-Y8CD17VV-3123WLQJ},05/14/2010 07:00:00,WAB0143,PC-8014,Logon
{D5F5-R8EK00PP-7070VKJA},06/17/2010 15:43:00,ARL0034,PC-9080,Logoff
{R5N8-A2QG98AZ-5369DFGN},03/12/2010 08:29:31,TSM0363,PC-5781,Logoff
{Z4K2-N5VQ02MN-5881DUZO},04/01/2011 07:49:00,PLH0715,PC-0653,Logon
{K1V2-U2MF28VR-3845VZCE},05/28/2010 15:19:00,TVS0050,PC-2174,Logoff
{Q6M0-C1MI52EG-0600JDLN},01/07/2010 08:32:00,JCR0921,PC-9473,Logon
{G0W2-A9XN03HZ-3319MZHX},07/29/2010 17:27:00,WBC0192,PC-6349,Logoff
{V2Q4-U5SV05ZK-0742AQCF},03/03/2010 18:20:00,KLH0596,PC-0132,Logoff
{L9V0-T8NY02CY-9641JHLS},02/18/2010 07:30:00,EIS0041,PC-9255,Logon
{W5J6-H3EN81EG-2140CBSU},09/20/2010 16:22:00,HXL0968,PC-0623,Logoff
{Y4E0-M5XX59AB-0013ZJXE},09/17/2010 17:15:00,RHP0484,PC-6499,Logoff
{X0I2-U7EP02HC-4925ZDSZ},05/24/2010 02:43:34,SAK0375,PC-7595,Logoff
{X5G9-D9ZN31LA-0372HTMY},08/02/2010 15:18:00,DFR0218,PC-6634,Logoff
{S7E6-Y0WC69FF-8494WSGA},08/03/2010 08:31:00,NKH0807,PC-3000,Logon
{D8R9-D4AW12XY-1476FESN},01/04/2010 07:47:00,JKJ0698,PC-1917,Logon
{Y4O2-I5WW74FR-3787XAJQ},01/07/2011 21:19:00,ESA0642,PC-9304,Logoff
{D4J7-E0KV24CF-4406FSBN},03/15/2010 19:38:00,IHK0841,PC-0177,Logoff
{D9O5-A7OP01VU-6251WGAT},10/28/2010 16:21:00,JGM0934,PC-3301,Logoff
{U7B9-P8FX33LO-3986WXMA},03/30/2011 07:36:00,NBH0256,PC-5852,Logon
{B1F9-T3HS11IV-5916MCMZ},04/09/2010 08:32:00,FRR0832,PC-0751,Logon
{G6X0-T9KE85NP-2115KRWX},10/13/2010 07:33:00,MAH0864,PC-2024,Logon
{M8N7-D4DU03JX-8110LZOD},01/20/2010 16:38:00,SKG0759,PC-2662,Logoff
{G0T9-Y0GB05QW-5091BTBD},08/13/2010 18:10:00,QCH0110,PC-7470,Logoff
{J8J8-B5HQ55BA-1664REPY},03/09/2011 18:57:00,NNS0059,PC-5081,Logoff
{H1O4-S8EY32PU-7373YEGD},10/04/2010 18:37:00,ASD0577,PC-6601,Logoff
{S4S4-R1PM32GE-3851HSEC},12/10/2010 14:21:25,OBH0499,PC-7989,Logon
{L5R1-E1NA67RA-6270PQTU},05/06/2011 18:56:29,SAK0375,PC-8541,Logon
{P3D5-D3RH90SN-1495UUIW},05/16/2011 11:28:28,ECL0930,PC-8127,Logon
{M8U7-K7AS34MN-2808OVGK},02/23/2011 13:22:52,ACV0812,PC-2550,Logon
{J8W6-A2NO52ZN-7643IUCY},11/03/2010 13:53:59,CAS0507,PC-8739,Logon
{Q8K7-M2II58QY-8839YEMG},02/02/2010 08:34:00,CLB0774,PC-7029,Logon
{V7N9-F7BN05TS-5238BLBI},03/11/2010 16:13:00,RKF0164,PC-4418,Logoff
{F7P1-Q9KS11PY-6406GPER},11/04/2010 16:10:00,ASV0946,PC-2806,Logoff
{A9D1-L8OT89CQ-0380YGQZ},08/03/2010 16:45:00,CLH0703,PC-8632,Logoff
{W9O2-R4IO55OB-5604FRXJ},06/24/2010 08:17:00,SSH0799,PC-0902,Logon
{H1B4-L9AP21CF-8280ANZR},02/28/2011 17:55:00,SOG0411,PC-9390,Logoff
{N8E1-E3UL97KO-0974KTIM},04/12/2010 15:49:00,IDO0176,PC-7886,Logoff
{B6M2-E8HC02OB-7251OQMG},02/16/2010 09:02:00,FEB0306,PC-7757,Logon
{B4U4-C0XN62OR-5018KEGS},09/20/2010 04:05:43,LBC0356,PC-6101,Logoff
{F9Q6-X2NW28AV-2240LGCR},01/03/2011 12:44:07,GKO0078,PC-4124,Logoff
{R2S7-Y7GF52VL-8935XFIX},01/19/2010 07:44:00,YCE0983,PC-3764,Logon
{N9E6-H7UX98HM-9550JKOO},05/16/2011 17:11:00,MKW0441,PC-1795,Logoff
{G8Q4-L6ZY60SR-3384YUYV},04/11/2011 08:00:00,HAH0248,PC-6027,Logon
{N3J0-A9SX26BT-3825NKCW},12/28/2010 15:54:00,IDO0176,PC-7886,Logoff
{R9Y3-C6WM30GS-8361SHMI},03/02/2010 21:23:04,BBS0039,PC-7902,Logoff
{P8M3-S8JY42YQ-6279QRVD},05/03/2010 22:46:23,CSC0217,PC-8508,Logoff
{N4C1-G5YB75TK-5083HADV},06/21/2010 17:54:00,TAP0551,PC-7623,Logoff
{J5L7-I1SK03HY-1696VUQV},11/05/2010 18:17:00,CCH0182,PC-0514,Logoff
{E2U4-U2VU21NO-2552EIQM},03/17/2010 04:48:36,SAK0375,PC-7342,Logoff
{J0H3-W8VK30UJ-7675MBIC},11/05/2010 17:58:00,MES0407,PC-8827,Logoff
{P3Q7-F7CI78EV-8082XNBN},03/21/2011 08:07:00,WVB0539,PC-7243,Logon
{T8O7-A4NF65HI-0644LXIA},05/19/2010 11:00:26,SGG0787,PC-3953,Logon
{R5O5-N7CO35SP-3109RQZV},02/02/2010 22:54:15,SSJ0784,PC-0840,Logon
{H0Z5-Q5WD23XB-8066CVDR},07/22/2010 12:04:56,NKH0979,PC-3847,Logon
{F4J6-M2JO62JR-5350TBOM},05/14/2011 08:20:00,HDD0806,PC-6032,Logon
{F4G0-H0IC15YG-1399MYXT},01/30/2011 15:59:00,ESJ0670,PC-2321,Logoff
{J2A3-E1XE23OQ-1054IAOZ},11/23/2010 08:16:00,KBC0054,PC-0181,Logon
{E5D9-K7GX49UI-3453JJFQ},01/12/2011 08:00:00,RAS0432,PC-9108,Logon
{H5A3-B0ZD91EM-1105CRBM},04/27/2011 07:45:00,HRW0550,PC-3738,Logon
{X7O7-D5QJ37XI-2230GGRA},07/25/2010 08:51:25,WPR0368,PC-2289,Logoff
{G3A7-Z9WJ97AI-8513RJIV},08/04/2010 18:34:00,SAC0592,PC-7310,Logoff
{H6G7-J7IL56TB-7373EYAQ},05/25/2010 08:34:00,MLL0598,PC-0189,Logon
{O4V3-H8FH80YO-9331KUFN},12/30/2010 16:20:00,SBN0971,PC-0151,Logoff
{D0Q2-K2KG17QE-3356SCGH},06/04/2010 05:22:35,JCC0225,PC-5087,Logon
{D6S2-E7VN15ZQ-8001SZLO},11/05/2010 15:44:00,TEM0093,PC-3372,Logoff
{Z3O5-T1IB26XX-3959CKMF},08/10/2010 08:03:00,AIP0394,PC-3942,Logon
{Q8L5-Z8ER20PT-7978HVKN},01/03/2011 16:59:00,RAS0432,PC-9108,Logoff
{Z8W7-J7QG50SP-2472XJVE},04/06/2010 08:46:00,CCM0136,PC-3268,Logon
{S0G8-S6JQ20NA-4366XSUJ},10/11/2010 07:47:00,DMK0257,PC-1279,Logon
{D4K6-V8BY28ZF-0765CZOZ},05/03/2010 09:06:00,YJF0532,PC-9549,Logon
{H6O4-L1IP28DK-6478FEOF},02/07/2011 07:56:00,DSB0731,PC-9254,Logon
{S0U4-D6VS20AF-9238NMYE},08/23/2010 18:09:00,CCL0068,PC-7699,Logoff
{M7M7-U2RC99RM-2564WXYT},03/01/2011 15:44:00,HVB0037,PC-7979,Logoff
{V5Q8-B5TU11TD-7059YEED},02/19/2010 07:54:00,JPW0741,PC-5762,Logon
{J0N3-L1HO29FL-6480KUKM},03/30/2010 08:34:00,JDC0030,PC-0246,Logon
{L8Z2-P4WQ02NS-6806OTIC},08/17/2010 17:31:48,MOS0047,PC-2511,Logon
{H8U2-U6KZ78AI-3718BEMW},02/19/2010 19:09:00,OLW0689,PC-1301,Logoff
{K5X9-G3SZ11UU-8384XHLW},03/11/2010 07:56:00,BBS0422,PC-4551,Logon
{Y4T7-Z6YQ67OW-5688HJRC},04/19/2011 08:32:00,HPR0585,PC-8505,Logon
{I1K9-Z3WZ92AO-9479UMHW},01/14/2011 16:54:00,CQH0730,PC-0532,Logoff
{E1I8-D8GE54SR-9993OSDG},08/20/2010 09:02:00,LQP0508,PC-3233,Logon
{Z9M4-N5CT64HD-8732ZZKG},08/16/2010 09:07:00,FRL0511,PC-2191,Logon
{C4U4-B0MI69JQ-6935MFWJ},03/25/2011 20:26:00,SGG0787,PC-3953,Logoff
{C5Q9-G7GT50GJ-1649PVCB},01/28/2010 08:03:00,MGS0974,PC-0351,Logon
{F8T5-Y3DG89SU-6328OQEA},05/16/2011 09:29:00,MFV0897,PC-8493,Logon
{I9P0-Y8TZ39AI-7248DXWC},12/03/2010 07:16:45,ACC0042,PC-5388,Logon
{E7G4-B8SP32HF-5410GVBF},03/15/2011 07:45:00,MGS0974,PC-0351,Logon
{S6U2-J4HP54KA-9427AKLO},04/13/2010 16:15:00,DLF0377,PC-4368,Logoff
{D6Y5-Q5US17MC-8086ZSRP},03/23/2010 08:18:00,KPR0497,PC-2511,Logon
{S9R9-O7UJ62KA-1833KEWD},08/05/2010 09:05:00,ESH0135,PC-8816,Logon
{R3W4-N3MA50AZ-6089ZGCT},03/08/2010 17:00:00,RSC0089,PC-9929,Logoff
{P1X0-F7EK23NW-3257HMFZ},12/22/2010 13:20:25,ABM0845,PC-9714,Logon
{K1R7-I0UY31DC-3168UJRS},04/28/2011 14:50:12,LAF0991,PC-4973,Logon
{R6M9-U5LZ58VH-5147ZNHL},03/09/2011 09:12:00,CCM0136,PC-3268,Logon
{G8G0-G7SK56AD-7064SCEC},09/24/2010 16:11:00,BNR0965,PC-2422,Logoff
{Q0T1-A4TY80FC-4830YKVQ},08/03/2010 08:35:00,HGH0595,PC-7311,Logon
{J6K9-O9KY45MK-0625PWMH},02/21/2011 01:55:41,JAV0361,PC-1038,Logoff
{M4I8-I8TH68KO-4346UJNI},06/30/2010 17:47:14,TSM0363,PC-1514,Logon
{L6A5-C8OF85HU-0830OLZM},11/03/2010 13:36:13,CJF0802,PC-2940,Logon
{H8J1-X4ND78PQ-4959VURM},07/27/2010 13:57:37,OLW0689,PC-1301,Logon
{E2O8-X3JP20SD-1645ITNB},08/17/2010 12:39:49,DMM0623,PC-5383,Logon
{G2W2-C2OZ84YO-5447RQTX},11/22/2010 15:22:00,CWB0065,PC-4621,Logoff
{M8P0-W8EU27ZW-4002SCBQ},08/25/2010 16:57:00,HWW0436,PC-8391,Logoff
{U8X7-U0MC69CI-7958LZJN},12/21/2010 13:02:56,EWH0191,PC-4545,Logon
{W8R2-J8QF25PK-4695STPC},01/18/2010 18:05:00,JMH0543,PC-7345,Logoff
{T9A9-Q6YI56EQ-7081CGWR},07/22/2010 12:41:06,MHH0180,PC-9822,Logon
{W5P5-U8HE46FG-5953WXZU},02/25/2011 07:15:00,RAG0275,PC-3094,Logon
{E0M2-E9IX68SG-8770QAMK},05/10/2010 07:20:00,ORG0339,PC-8252,Logon
{M6U1-V2FW68TY-9574NBTZ},10/07/2010 22:06:45,DMG0358,PC-4386,Logon
{H7U8-G2WC23TT-1970GYGU},07/30/2010 07:58:00,RZC0746,PC-7500,Logon
{G7B1-X6KS59ED-8160MXKW},04/14/2010 08:30:00,NHE0919,PC-8457,Logon
{C8U3-M3AZ38ML-7541NUUR},04/23/2010 15:25:00,BBS0039,PC-9436,Logoff
{N4B4-S2UK83KD-9170MCMO},02/01/2010 19:28:00,AES0827,PC-2770,Logoff
{Q4P8-Z9PX35SY-2456GEVC},03/18/2010 21:13:00,KMS0657,PC-4761,Logoff
{C7W4-S7XN31RH-8440KMLQ},01/03/2011 12:32:16,RVF0201,PC-7899,Logon
{G7J0-V4BX74YV-6107VZHV},09/28/2010 06:03:29,HDS0367,PC-5621,Logon
{F2F1-I0UI46AG-7520MRZA},02/18/2011 07:09:00,ELH0960,PC-7775,Logon
{Q7X4-Z0DW79ZY-1381CCZJ},12/08/2010 15:39:00,KCF0045,PC-8845,Logoff
{A5P2-K6ZC24AP-8521RRCN},11/22/2010 17:13:00,CGA0629,PC-5660,Logoff
{Z0Y3-I0RP08IY-6062YHWD},01/26/2010 14:30:08,FFC0891,PC-5843,Logon
{G5Z3-V1MK66JN-2670GCQI},07/16/2010 08:02:00,KWE0082,PC-1933,Logon
{S3O4-C7SX87HY-9671XWLJ},02/01/2011 09:15:00,SXM0895,PC-5673,Logon
{G8A9-A3WO61YM-6032SMMQ},07/22/2010 16:03:00,DTP0379,PC-4861,Logoff
{J8N5-X4UW72CQ-4035XRGG},05/18/2010 08:12:00,BSS0369,PC-3672,Logon
{H8W7-W1VB74HP-7495HRZN},04/25/2011 07:15:00,NCE0097,PC-2393,Logon
{C6Q7-B9UG60SC-4868KYDK},09/14/2010 16:28:00,MKL0941,PC-1246,Logoff
{C8C5-K8DM80PY-1620OQJC},05/21/2010 18:36:00,SOB0586,PC-6477,Logoff
{J7S3-I7PH84TZ-5990BTCA},12/03/2010 19:06:00,ADC0391,PC-4729,Logoff
{R0I1-G4KW66KK-0135EWLI},06/11/2010 09:16:00,QCH0110,PC-7470,Logon
{G6G2-S8PV52RN-9109QLKS},12/28/2010 13:49:29,RAM0447,PC-2697,Logon
{R5I2-L0ZJ24ZP-1575MRLB},04/27/2010 05:56:34,CBB0365,PC-8827,Logoff
{P9K3-V0SQ75OF-5633AYSM},02/07/2011 06:56:00,KBB0189,PC-4524,Logon
{X3L1-Q5AQ47GZ-5627WPAL},02/24/2010 08:15:00,CWR0502,PC-3737,Logon
{W2B9-A3HP21QX-6527UPAR},10/29/2010 07:53:00,MES0407,PC-8827,Logon
{Q1D3-T5BS32OJ-9595NVPD},01/20/2010 22:12:52,KSP0357,PC-7756,Logoff
{O5H2-V3MW40NB-8814ACQO},05/13/2010 17:04:00,BSA0431,PC-2187,Logoff
{I0Q0-A9XD58HI-6065XZRE},08/31/2010 08:31:00,SGG0787,PC-3953,Logon
{G3J6-W1TZ55CJ-7397FDOQ},06/15/2010 07:20:00,RHC0335,PC-8144,Logon
{I0B4-U3AD02SS-8596SBYP},04/16/2010 08:03:00,BJH0354,PC-1332,Logon
{A4I5-U5TG60JH-1968YPEH},10/06/2010 08:04:00,JJH0613,PC-9171,Logon
{M9O0-O1DZ69KS-8946UEUV},08/05/2010 12:34:35,JJM0203,PC-0148,Logon
{U3A3-Q4NT60RE-7949PWTA},02/18/2010 03:06:18,SAK0375,PC-8296,Logon
{D7B3-C4CB43FJ-1806AUEN},02/16/2010 21:13:00,LNR0656,PC-3505,Logoff
{R0N4-E1GY99BJ-4078XLEV},01/12/2010 12:39:28,ANT0430,PC-9028,Logon
{F9F0-C4VJ92KB-3678LRER},02/24/2010 19:24:00,DCH0843,PC-8720,Logoff
{N9B2-A2SV13NF-7697JQQS},08/23/2010 15:56:00,NAF0033,PC-7609,Logoff
{W3D5-J7DU13RJ-4599GRCL},03/23/2011 07:59:00,BSS0463,PC-9166,Logon
{V8T3-Z4LN97QM-7902ZCOW},01/07/2010 08:01:00,NCO0666,PC-6519,Logon
{B6G6-B4SH58HR-7394YSAA},03/18/2010 12:44:28,CSC0217,PC-0379,Logon
{J1Y0-Z5SC82ZC-0975QXZB},05/06/2011 17:07:00,SBN0495,PC-9658,Logoff
{N2O2-E3DO01WI-8396GDMT},04/19/2010 13:42:57,BNG0237,PC-2177,Logon
{P2J3-Q5UR31NJ-6762DQXR},12/01/2010 09:24:00,ZSB0649,PC-5343,Logon
{G9U7-T4ZL21FV-9156DGWF},03/02/2010 16:19:00,DHM0937,PC-7941,Logoff
{G4V6-G1EZ88JE-2992HPEX},05/12/2011 07:51:00,JCW0858,PC-2381,Logon
{P3W3-G1AD46LD-6662TMST},04/15/2010 16:34:00,GDF0704,PC-0377,Logoff
{Y5W6-B5IX11BY-9730SYCC},06/29/2010 19:00:00,SAC0687,PC-5299,Logoff
{E5J9-F0FE32AL-6679JQZN},05/28/2010 07:42:00,CJH0702,PC-8541,Logon
{O1L2-P1JL59US-5713CQEO},03/26/2010 17:28:00,ROB0272,PC-6933,Logoff
{N3W5-T6TB01EO-2423SHGP},11/12/2010 08:52:00,RRP0568,PC-3735,Logon
{C7S7-C9CN31UQ-9720HAFB},05/27/2010 20:42:00,AQD0820,PC-8422,Logoff
{G6Q3-O9EX40AT-5889JRVR},06/09/2010 17:59:00,BMS0877,PC-2904,Logoff
{K8C0-V4FR02QA-3167QIYI},01/29/2010 16:27:00,AWM0764,PC-6786,Logoff
{I5P8-Q5WQ36JI-5538PMIE},03/08/2011 13:37:34,BNG0237,PC-2177,Logon
{Y9F4-V8DN55NS-7691OXON},07/16/2010 16:44:00,DBG0261,PC-6692,Logoff
{B7X3-N2TF43AU-6969KCRK},05/09/2011 18:59:00,JBM0350,PC-9744,Logoff
{K5H3-L3BF65NC-6324HDBC},03/31/2011 09:20:00,JZD0888,PC-1572,Logon
{I8T3-V1AC56HC-2330XAES},04/22/2010 07:28:23,EIS0041,PC-0216,Logoff
{D3Q9-B5VH21AZ-9238TUZK},03/05/2010 08:00:00,PID0426,PC-9427,Logon
{L3P5-S5BY19MM-8190KPKW},06/07/2010 18:08:00,HIW0536,PC-5425,Logoff
{V6T3-M8HM80PF-7511AYLY},05/13/2011 07:56:00,CNE0352,PC-2766,Logon
{U8E3-M2VF79XY-2369UIXW},08/25/2010 06:52:00,NGF0157,PC-6056,Logon
{C5U7-T2UO68VZ-2962REPQ},05/14/2010 09:10:00,CEJ0109,PC-6980,Logon
{R5G1-U9BO87LZ-6298MCQI},06/28/2010 17:48:00,JCW0858,PC-2381,Logoff
{W9K2-Y6JL03UC-6591HBNL},09/28/2010 19:05:00,JER0404,PC-0928,Logoff
{L4J7-C5BA67VF-3191DNQA},10/26/2010 07:20:00,JCC0225,PC-6711,Logon
{O0S8-E1FC03BF-8288YMPQ},02/10/2010 16:53:00,MKW0441,PC-1795,Logoff
{D6H7-P2FG84CD-9058DKSI},04/27/2010 18:04:00,RRP0568,PC-3735,Logoff
{O7E2-K6TD79HP-5760ELYW},12/16/2010 17:09:00,SBQ0786,PC-2069,Logoff
{C0P7-K5UC52CG-2543NZLW},09/28/2010 18:29:08,KJP0371,PC-6173,Logon
{S4F1-Q8UX09WM-5190VIXE},01/07/2010 07:46:00,MNC0717,PC-7964,Logon
{B9D0-P4AA73MR-6953EMZX},04/05/2010 08:27:00,CHG0146,PC-0780,Logon
{P3B9-F9YU17GY-4270SBBB},04/06/2011 16:17:00,JGM0934,PC-3301,Logoff
{O7S4-L0TI66FD-4422ZUOW},05/04/2010 02:27:15,BSS0369,PC-1232,Logoff
{Z1K0-I2VC57CS-2457ZTCF},10/29/2010 07:15:00,ILH0958,PC-2181,Logon
{X0Q7-O1VU37QJ-7814FMSE},05/16/2011 05:14:12,LBC0356,PC-1165,Logon
{N9P5-S6GB50IQ-3929AQKF},04/14/2011 07:09:00,AVM0947,PC-0285,Logon
{E1W2-M1GO35AH-4613PUSX},01/30/2010 18:11:00,CTR0341,PC-6184,Logoff
{G4E0-M9KS52PW-4267PDNZ},03/04/2011 08:00:00,LCB0664,PC-3196,Logon
{Z1R4-N8TT79YG-4126GFCU},04/23/2010 18:30:00,MJB0588,PC-6112,Logoff
{W1K2-S3TU13YP-0766HQUH},11/01/2010 15:44:00,CEB0210,PC-8793,Logoff
{Z9H8-T9FK31BX-4709BICD},05/26/2010 21:27:26,WDD0366,PC-1275,Logon
{T9R2-G2UA00ON-3953BLSY},03/24/2011 09:13:00,MFV0897,PC-8493,Logon
{Z4W9-X3OC67LD-8965OFKL},11/01/2010 14:22:06,IUY0279,PC-9140,Logon
{K8T8-B9FO81WM-4960AZRR},03/22/2011 17:57:00,CLF0852,PC-0647,Logoff
{S8V7-U1AL00VE-3970ZHJP},10/12/2010 11:59:57,KBP0008,PC-3851,Logon
{Q4S1-T2SV02KZ-8025NPSH},02/01/2011 07:04:00,LHB0967,PC-2996,Logon
{A7K4-S5ZX91VY-9501QQWD},02/26/2010 07:09:00,CGF0337,PC-0369,Logon
{U0U3-S6IK86EC-0386NPGO},10/12/2010 16:06:00,AJD0074,PC-3135,Logoff
{M2U6-L6DF07DZ-7401RHAA},09/23/2010 07:17:55,BKW0374,PC-9184,Logon
{K4H0-Z9OQ52SO-8255VBVD},09/17/2010 09:04:00,TAC0300,PC-2131,Logon
{Q3R0-G1JV17NI-3903ULRB},02/26/2010 08:04:00,IMB0481,PC-8761,Logon
{G6F5-K7YX65CN-0332TSDT},06/29/2010 08:01:00,TBT0461,PC-4679,Logon
{O2T4-U9GX26DJ-3557ENQC},02/03/2011 16:42:00,EMW0772,PC-6035,Logoff
{O8H0-W0SV51PL-3078ZKFF},03/01/2011 17:51:00,HRB0351,PC-0697,Logoff
{Y8E7-D6BG45UC-7144PWNK},01/19/2011 17:02:00,FBW0747,PC-2349,Logoff
{G5U7-R5VJ51FO-5532EWYE},02/18/2011 08:13:00,CKB0482,PC-7528,Logon
{Q1A9-C1KO72RQ-3818IQEY},02/08/2010 08:01:00,ZFM0468,PC-6478,Logon
{U0W7-G0IE56JR-6540ZBLQ},04/16/2011 18:13:00,DRR0242,PC-5002,Logoff
{E9D7-H6UO83JJ-6739RPYZ},05/13/2010 18:00:00,ALD0544,PC-7552,Logoff
{T3U3-V3KP92QN-7912VXEC},05/19/2010 19:16:00,FDE0117,PC-1772,Logoff
{X0G1-R0LL34VV-3350MKIB},01/03/2011 17:14:00,BIS0247,PC-9324,Logoff
{J7I4-I4VH51RI-6201YPRX},09/30/2010 13:02:24,ARA0252,PC-4886,Logon
{S7T1-J3VH05JO-7757SJHU},12/18/2010 08:13:16,NAF0326,PC-4124,Logon
{Z9J5-O7IY24JK-3758CMQX},10/28/2010 09:06:00,MFV0897,PC-8493,Logon
{F1S6-V2LY67YW-3222GZAJ},02/15/2010 12:48:16,MIB0904,PC-7811,Logon
{O4N9-P9YO20WP-2546JHWM},03/24/2010 07:49:00,XBN0229,PC-7655,Logon
{X3S2-C4HG92NR-3360RCVA},11/08/2010 11:56:27,BNR0965,PC-2422,Logon
{F7R7-P0MQ23XY-4481YPYL},10/08/2010 11:10:21,TVS0050,PC-2174,Logon
{G7C9-M4HD85ZV-2542FHRG},07/07/2010 08:09:08,COF0120,PC-2559,Logon
{X1G7-C5OZ54JD-6139NNSF},05/15/2010 16:23:00,LBH0942,PC-3640,Logoff
{H7G5-Q1EH16SG-7077MBHO},02/08/2010 11:43:47,RVF0201,PC-7899,Logon
{O9F6-C5KF68CY-1716TCTI},03/28/2011 19:38:00,HDH0928,PC-0252,Logoff
{Q2R9-N9CH83GB-5507XOWE},01/12/2011 18:29:00,VMJ0147,PC-3873,Logoff
{I6P2-V1HV69PG-2323IVBU},03/09/2011 07:16:00,ONL0276,PC-2891,Logon
{U8R8-K1IA93CZ-5121YBSN},12/20/2010 18:10:00,NCK0421,PC-6960,Logoff
{A5H0-V5VD08LN-4442ICCZ},09/08/2010 16:58:00,RGH0728,PC-8568,Logoff
{Z7Y5-T4IP12OW-2567KYZY},01/27/2010 07:41:00,HAM0985,PC-9010,Logon
{L9R7-R4QT04IJ-9816TMUG},01/12/2010 08:30:00,JRL0574,PC-4386,Logon
{K5U4-Q1EX21GS-6568WVIV},05/02/2011 18:00:00,WTR0563,PC-7572,Logoff
{E2O3-P1AJ97NM-9306EKHH},03/22/2011 07:58:00,SVS0871,PC-2335,Logon
{P0Q2-P1HD25WV-6807LPDH},05/05/2011 06:23:48,DMG0358,PC-1586,Logoff
{F5S1-L4UF54YX-5957CXTS},12/13/2010 18:11:00,HKB0418,PC-3651,Logoff
{L5S4-U4ZZ90OU-4325EGWW},11/17/2010 08:01:00,KSP0357,PC-8331,Logon
{W4C3-V2ZQ62RR-2427GEDJ},02/01/2011 19:43:00,FRR0832,PC-0751,Logoff
{L8G3-A8MZ41GG-6016NCSB},12/14/2010 20:35:32,UIR0043,PC-9744,Logoff
{Q9Y7-L2KW80FQ-3466NGAY},04/19/2011 17:05:00,BEC0505,PC-3375,Logoff
{Q5H8-T2PI85RM-2203PWVE},06/30/2010 12:52:50,CMB0912,PC-6539,Logon
{U9F9-A8HZ48WC-6040COQY},04/18/2011 17:00:00,ILJ0526,PC-7275,Logoff
{X2F9-L0WC64QF-4762UOKC},03/23/2011 09:24:00,MJS0890,PC-5016,Logon
{O3C5-A3XN32QN-8433VPTV},04/05/2011 15:40:00,KNB0022,PC-9873,Logoff
{D8S5-Z1DJ51AW-2791DHPT},05/04/2011 03:28:04,KCF0045,PC-1389,Logoff
{W3C6-J6PP97SC-9274RRIX},06/10/2010 16:28:00,JLM0364,PC-3791,Logoff
{R5U5-F5UR55OB-0960TEGJ},12/06/2010 14:37:31,JMD0520,PC-3847,Logoff
{B8T4-Z5BH65KS-5692VLVL},01/07/2010 16:00:00,CKD0680,PC-6282,Logoff
{L8V3-G8KH62LL-1245NCXE},03/12/2010 14:08:01,BCB0679,PC-4124,Logoff
{W6G6-F1VG86SV-3064MCIE},02/11/2011 07:46:00,HBO0413,PC-7384,Logon
{Y9B2-M0ZS52VZ-1383UAXL},10/04/2010 15:28:00,NKH0979,PC-6643,Logoff
{R1R1-W6YO29IZ-1628QGAZ},03/22/2010 08:55:00,ASS0517,PC-2271,Logon
{G1T0-E0SL19KQ-4104XTXF},04/13/2011 08:23:00,CHM0821,PC-7933,Logon
{N2X4-J6XD47UY-6466DPOO},01/05/2010 17:13:00,VCY0751,PC-5337,Logoff
{G8A5-G1DG90LR-9873TMNQ},02/01/2011 02:28:57,DMK0257,PC-1279,Logon
{W9U5-Q1VV52SY-6751THSY},01/15/2010 13:57:49,GZC0735,PC-8219,Logon
{L4N4-G7FL10TM-5847GEOU},01/15/2010 09:16:00,HWH0646,PC-8087,Logon
{C2G0-U6MM44RI-9204WDPH},04/11/2011 14:27:39,MAH0149,PC-6756,Logon
{H6L7-I4GL05DX-2394ZBOG},10/13/2010 17:58:00,TPH0474,PC-7264,Logoff
{U4I7-S8LO04IT-3280LXKM},12/17/2010 08:30:00,BJH0811,PC-0969,Logon
{P7Z7-P9JX92CY-7350VBRH},01/27/2010 09:05:00,ZKS0899,PC-8517,Logon
{G9I1-M4PU60QN-8109YPQW},10/20/2010 18:50:00,FSB0399,PC-1275,Logoff
{A9E8-G6BE28TE-8039WVRI},02/17/2011 08:17:00,CUD0795,PC-7779,Logon
{F8A6-B7LB94HK-5260VVGM},03/09/2010 16:25:00,ECL0930,PC-8127,Logoff
{B8E9-N0EU30MP-1962SOMJ},01/07/2010 17:42:00,AIP0982,PC-3733,Logoff
{O2C9-O1TD46LM-1729BGSW},04/20/2010 16:39:00,DEB0782,PC-6498,Logoff
{N6O7-S2IG35SK-5815ZTKX},04/26/2010 13:26:00,EZT0640,PC-1069,Logon
{G8N6-O7PJ81KP-3825EFEB},09/22/2010 18:00:00,PSF0133,PC-4925,Logoff
{L4Q0-K2JK02RF-8774SSVV},08/03/2010 21:21:00,HTF0641,PC-7965,Logoff
{Z0O4-A3QO39HC-1429UKVS},04/12/2011 13:03:24,CCM0136,PC-3268,Logon
{E3A8-N4IE67KD-5969MYGA},10/12/2010 16:43:00,PDW0259,PC-8804,Logoff
{X0S7-P1ZZ96WC-6141DRFA},02/03/2010 08:20:00,DGN0480,PC-9489,Logon
{Q8Y9-E7CX90ZS-6042ZHKL},10/01/2010 08:13:00,SAA0999,PC-4559,Logon
{U2W4-B0QA86HZ-3798XZNF},06/15/2010 18:06:00,AJL0462,PC-7416,Logoff
{M6Y2-O2DL52AE-8747DPQB},03/01/2011 18:18:00,AOS0987,PC-5702,Logoff
{Z4T7-Y1RK08VR-3431BKQM},01/13/2010 15:45:00,AKW0167,PC-7109,Logoff
{Z4V1-B7FU70TL-7613VKVP},08/11/2010 13:32:13,ATE0869,PC-1313,Logon
{C8C6-V7LE96ZM-0051HTBV},11/30/2010 16:30:00,BTW0005,PC-2915,Logoff
{Y1K4-O9RW59TP-3578YFSZ},02/01/2010 17:24:00,NCE0097,PC-2393,Logoff
{C0O4-Y5XE12IU-6908OFIL},04/11/2011 07:16:00,CWB0065,PC-4621,Logon
{P2L0-G9TJ52IH-8013LTSW},05/05/2011 10:09:06,SGB0140,PC-4124,Logon
{Y3O8-N9WL51KK-8485TZYE},05/10/2011 13:56:57,BJP0134,PC-0898,Logon
{V6X0-C5AM02HO-4362DVIT},02/11/2011 07:15:00,GKO0078,PC-4233,Logon
{V8X3-A5LZ41KH-4814RCUY},04/21/2011 08:17:00,DDA0476,PC-1593,Logon
{E8G2-N1DF47DZ-9791DCHP},10/14/2010 18:15:00,HJA0018,PC-3985,Logoff
{P7C9-G5NP77SB-3486WRSN},02/16/2011 16:29:00,UAD0771,PC-2499,Logoff
{F3X4-L8PT87WX-6650KYOP},10/18/2010 15:46:00,AKW0167,PC-7109,Logoff
{E3G9-E7GS46WN-9390NLWM},12/02/2010 09:06:00,ATP0662,PC-4127,Logon
{O1R9-V4LM21AG-1309NKHT},07/14/2010 08:01:00,ADC0391,PC-4729,Logon
{V8E7-Z5VH22MP-2143KAZF},12/02/2010 16:58:00,GMF0738,PC-4204,Logoff
{X0N2-V8YJ33PK-2589GHCN},07/15/2010 18:00:00,AAW0353,PC-8732,Logoff
{U0J6-J7ED69MH-6462ZBGD},03/23/2010 13:45:04,JDC0030,PC-0246,Logon
{I3V1-H1ZQ24GE-8511MLAR},05/28/2010 07:53:00,BLS0678,PC-6031,Logon
{N9M6-V6WV83AP-8517BOVX},09/20/2010 08:20:00,NHE0919,PC-8457,Logon
{Q8M0-M7PS82CX-7420PINU},09/01/2010 16:27:00,MOP0763,PC-9782,Logoff
{G3Y9-M4BG98JL-9550USND},02/07/2011 15:58:00,AMV0036,PC-8397,Logoff
{V7R6-B6CW04IX-2645WYDU},04/06/2010 07:53:00,NNS0059,PC-5081,Logon
{K9B8-B4BI06TZ-1543QQBV},03/26/2010 15:36:00,JGT0221,PC-2948,Logoff
{X3R6-Y2WY24NY-1939OTNO},05/17/2010 23:52:47,LBC0356,PC-3772,Logoff
{S7X0-V1YT55WV-6935OJDW},12/03/2010 18:02:00,BYP0070,PC-6621,Logoff
{Z1B3-J1ZK14IZ-8908DVCO},03/02/2011 07:20:00,POB0343,PC-5864,Logon
{I2N9-N2XN00UC-5441KVVP},04/04/2011 07:19:00,CGF0337,PC-0369,Logon
{Q8I1-W1SG39HA-9858LKNQ},04/28/2010 17:10:00,GQP0743,PC-8354,Logoff
{Z1R1-F3CQ27SA-7733BFIK},06/09/2010 18:18:00,DIB0285,PC-1268,Logoff
{M2U7-R9MY41PK-9022ETBP},04/20/2011 17:12:00,FBW0747,PC-2349,Logoff
{E1K2-P2OL06AB-2342SRUY},08/06/2010 14:00:23,JMC0925,PC-9881,Logon
{K4P5-S4AZ38SU-0751XTND},06/15/2010 18:12:00,SSR0278,PC-5083,Logoff
{S9W9-S7VM80EM-7620NPMW},05/10/2010 07:25:00,CJP0952,PC-7525,Logon
{V5C3-B5YX09YA-8376PRCQ},03/03/2010 19:24:14,BSS0369,PC-3430,Logon
{S6X7-T5EM92DR-4211KGTJ},01/22/2010 19:25:00,KAC0124,PC-8190,Logoff
{O3E3-E6FH57HE-0451JFYL},05/05/2011 19:25:00,ALC0788,PC-1887,Logoff
{D0F5-W0ND57RE-9192IHIM},04/04/2011 18:38:00,DDM0579,PC-3675,Logoff
{A6H6-O4WN25TR-8992FRMG},12/16/2010 08:02:00,AJL0462,PC-7416,Logon
{U1Y9-B9KQ12MD-1431LKLC},01/19/2010 17:45:00,NAR0981,PC-6183,Logoff
{R6I3-N8UU06MH-1488HDUB},02/03/2010 09:07:00,LJR0523,PC-5162,Logon
{R0M3-J4AK24EK-6017HUWC},07/20/2010 15:59:00,MPT0376,PC-7408,Logoff
{W1X4-C4PE57WR-6725GAYK},01/29/2010 07:46:00,NBH0256,PC-5852,Logon
{M1B7-T2UI61AG-3611CLDY},01/17/2011 17:10:00,WGS0516,PC-0389,Logoff
{W5W4-F7YG88BA-6979YTRB},11/18/2010 08:39:00,WJD0576,PC-1532,Logon
{V9K8-U1JG54DL-7171DHGA},09/21/2010 17:59:00,KBS0874,PC-5106,Logoff
{F4T8-B1PJ14TC-4844IWMK},06/18/2010 09:18:00,HRL0540,PC-1117,Logon
{T7C9-M4KU58CT-5980CYGD},02/17/2011 07:15:00,MAR0955,PC-6793,Logon
{O3E5-V1CV78XY-6107DOIK},02/24/2011 18:02:00,GCL0016,PC-9408,Logoff
{K2I6-V7MT43ZA-1524AQDD},08/03/2010 07:47:00,TAP0551,PC-7623,Logon
{D0I6-R2YS88AI-6930LGKS},05/19/2010 07:47:00,JCR0172,PC-6713,Logon
{N0U1-U7PS11FC-5390OURD},01/11/2011 15:40:00,UFK0208,PC-3343,Logoff
{O5C5-L8VC86TA-7109PNQB},01/31/2011 07:40:00,BTL0722,PC-2843,Logon
{X1E6-S4AB44DK-0066UPHZ},03/18/2011 21:21:11,AJF0370,PC-8303,Logoff
{Z7G6-G6SS26KA-5158IFKC},08/17/2010 16:50:00,BIS0247,PC-9324,Logoff
{J2V0-V4AH44ID-4204TTAL},09/13/2010 16:25:00,MAR0955,PC-6793,Logoff
{J8S3-Q8GK10PA-5389RYNH},08/12/2010 18:05:32,GHH0288,PC-3847,Logoff
{K4E2-Q9VD99RJ-5986UBQZ},12/09/2010 17:58:00,KJJ0293,PC-7425,Logoff
{P5F9-C7HA90PC-3148WXGT},01/14/2010 19:10:00,ADC0391,PC-4729,Logoff
{F4U0-Q3ME31YF-6393BMJU},01/17/2011 08:01:00,DZC0228,PC-7478,Logon
{X2D3-E8PG83IM-4447XIIE},03/23/2011 21:18:00,BCM0653,PC-5717,Logoff
{I7E8-T1WA33EF-6377KBIY},07/20/2010 10:58:21,DMG0358,PC-4704,Logoff
{E9Z9-M0JR65FE-9122CSGN},03/02/2010 06:35:29,LUR0896,PC-9067,Logoff
{R0K1-X7JA65VI-5442IJCR},07/14/2010 13:03:59,WRM0963,PC-5082,Logon
{A2J0-G7VV25KJ-2496DEXG},03/29/2011 07:57:00,IMG0320,PC-0422,Logon
{H5E1-Y4AF98VS-0549UWQP},12/16/2010 08:10:00,ADF0397,PC-7527,Logon
{K8Y5-L9KF75LK-9289CLVF},01/03/2011 16:28:00,PAD0773,PC-3959,Logoff
{B4Y3-Z6SC96VF-8485CNST},10/04/2010 18:08:15,IBB0359,PC-4328,Logoff
{T7Q8-A9VV38KF-8406MWGD},05/11/2011 06:58:00,LRR0148,PC-4275,Logon
{N1O8-C3QM31OG-9812KPKV},12/06/2010 08:50:05,MNS0224,PC-9174,Logon
{L0A0-K3JT98MZ-6434YNLU},06/04/2010 07:18:00,RMS0266,PC-9183,Logon
{M5J3-V3IX70FQ-6300GYQM},07/02/2010 16:21:00,AJR0932,PC-4748,Logoff
{D5T4-D2ZC72WY-3854RLZG},08/31/2010 07:20:00,NIH0969,PC-3978,Logon
{P9R4-U2WM90TB-1363RYRB},01/05/2011 03:50:02,WPR0368,PC-5927,Logon
{E7M2-T1FW49KC-4985PPRT},04/29/2011 18:10:00,CGF0337,PC-0369,Logoff
{D8E2-N3FF66NU-4880WTGP},04/01/2011 17:25:00,TLM0797,PC-4577,Logoff
{X6L5-L8PR82JO-2561VOGW},02/03/2011 07:12:00,FPC0954,PC-7839,Logon
{G0M0-R4VR29MS-0823GVGC},10/05/2010 15:51:00,RNP0211,PC-1736,Logoff
{M1L7-C8TX73FD-9956GXUO},10/18/2010 07:06:00,LHB0967,PC-2996,Logon
{K4R4-W6TQ58RZ-6539KHDP},03/14/2011 11:35:40,CHM0821,PC-7933,Logon
{R4A6-Y3XF69UZ-8841NWYD},06/14/2010 15:37:00,YDN0198,PC-5376,Logoff
{X2Q2-P3CV47SF-7023FBLU},01/26/2011 08:01:00,ASG0048,PC-0427,Logon
{U7L4-B1PH88ZZ-6847HXJA},08/10/2010 08:12:00,HSD0457,PC-3622,Logon
{D7A0-X0EX55PN-7514VCAC},01/11/2011 07:49:00,MCT0720,PC-4952,Logon
{I4X3-B2AW03AJ-5083XOUH},03/16/2010 13:57:14,SBK0161,PC-5599,Logon
{E8S5-S5HT09XG-5355CWPT},07/30/2010 07:34:00,USH0199,PC-3581,Logon
{R7O2-Y0LD27QP-5516FTSW},03/01/2011 08:23:00,JDF0593,PC-6301,Logon
{Q7C7-N4HC64QV-9783WQWD},09/27/2010 07:52:00,HPH0075,PC-2417,Logon
{I9H4-M2IB33LC-1070SMAN},02/03/2011 18:00:00,LDG0459,PC-5621,Logoff
{Y6S8-E7BT93PE-9831VUSR},02/10/2010 19:50:35,JTM0223,PC-6183,Logon
{K7G8-P2AF69VP-2034LUKA},12/06/2010 17:35:00,TCD0009,PC-6263,Logoff
{Q3M5-O0GR88UM-9922SRYW},08/10/2010 17:02:00,ANT0430,PC-9028,Logoff
{B0S3-E0CT85QD-4805HFUS},04/11/2011 12:27:52,GZC0735,PC-8219,Logon
{D6W6-K0JJ17SN-9090EWBD},05/12/2011 08:01:00,NKP0236,PC-5010,Logon
{A7B8-A6IV19FU-7401YLLN},07/11/2010 07:54:00,ESJ0670,PC-2321,Logon
{R6G9-N4OA80HH-4702PQEY},02/10/2011 08:01:00,RBB0485,PC-3093,Logon
{S9Q0-E0ED29NK-1165NQAL},10/20/2010 07:11:00,PGH0184,PC-7756,Logon
{Q5R4-Y6CL02TC-2771LBKT},08/13/2010 21:11:00,AAM0658,PC-9923,Logoff
{U1A9-M5BS20QH-5408ZTLD},03/18/2010 16:45:00,ZSK0258,PC-0461,Logoff
{O2A6-T6ME00GG-5526TEDA},03/15/2011 19:42:00,CAN0842,PC-9196,Logoff
{E0Z6-E9LT41EJ-3733WAJR},03/02/2010 08:02:00,KJW0416,PC-4955,Logon
{L1N4-O1EA68SV-7287EUHZ},05/10/2010 17:15:00,NAB0801,PC-6288,Logoff
{N8O6-J8PU50BK-2903XLHD},04/01/2011 07:00:00,HWM0342,PC-4436,Logon
{X2O9-J5ED36EU-7018AODK},05/09/2011 11:11:07,WIQ0567,PC-6113,Logon
{L5V6-U8CU78DJ-9971RDTG},10/22/2010 07:30:00,KTG0091,PC-7913,Logon
{V0M0-Q9ZU81KY-6765GSQM},04/21/2010 07:48:00,OKB0439,PC-3465,Logon
{Y4P1-O6NY83UZ-6763OLFI},05/10/2010 18:42:00,JHP0583,PC-9083,Logoff
{L0P3-A6PZ45MM-3837WZPU},11/19/2010 15:53:00,NAF0033,PC-7609,Logoff
{L9Y9-U3FK99PP-6610CCXP},04/14/2011 16:30:00,HDS0367,PC-8680,Logoff
{T4S2-A1BS26VQ-1260MVYK},08/25/2010 23:18:10,KSP0357,PC-6266,Logoff
{T4Y4-K4WQ04CG-9311ZUNX},09/02/2010 20:43:52,KSP0357,PC-4109,Logoff
{P9F4-B5XW73FT-1571WVAC},01/21/2010 13:16:52,NDM0417,PC-9134,Logon
{V7R5-E2QI77BY-6301LCUA},08/04/2010 12:13:50,NGF0157,PC-6056,Logon
{G5A8-L1LP67KM-5148SHRA},03/16/2010 06:12:44,JRS0362,PC-2940,Logoff
{F1A5-O4AR62FX-6252EFCW},03/15/2011 08:59:00,JCR0289,PC-2289,Logon
{E3C3-A9BR66NL-3165QQGY},02/24/2011 21:14:00,AGB0643,PC-2461,Logoff
{B2R9-V9HQ11IR-7382KCTH},02/12/2010 15:30:00,GTD0219,PC-6425,Logoff
{K7Y7-V4NB36RX-1535TVJT},11/12/2010 17:05:00,SCB0534,PC-5764,Logoff
{J2G1-O4RE09OS-2718QXLN},04/09/2010 12:16:19,MCD0125,PC-7295,Logon
{V8R3-C3BL98AQ-2274NWJH},02/25/2010 19:47:04,BAL0044,PC-9311,Logon
{L5G5-D3SL20OV-1163BMYZ},02/23/2011 17:48:00,RLG0856,PC-1998,Logoff
{Y9G1-G1AH33KF-2553ZIIK},08/23/2010 18:21:00,ESH0283,PC-1611,Logoff
{N6W4-C2NU69TV-8829BMVY},05/28/2010 07:30:00,IMG0320,PC-0422,Logon
{Z7D2-D3DN95VI-7872YPAN},10/27/2010 16:50:00,AKF0709,PC-8806,Logoff
{I3I6-K9RP01UG-9899COUN},11/18/2010 09:02:00,ARD0509,PC-1677,Logon
{E6C6-L4LR37ED-3817CAPG},11/04/2010 15:42:00,PEV0323,PC-7236,Logoff
{P1P6-M1NS74QQ-2213QJWG},04/13/2011 02:47:52,QNP0216,PC-3815,Logon
{B3U7-F8IX49XD-9884VOUA},04/28/2011 12:34:23,DLS0383,PC-0120,Logon
{L1E1-Z1HI59NS-8204UQKS},01/25/2010 07:57:00,TAP0551,PC-7623,Logon
{A7Q8-E4GA67PQ-6075CSJS},02/10/2011 17:11:00,MLD0755,PC-6233,Logoff
{C0M1-O4ZP95DG-9063UPHF},07/12/2010 21:13:00,KCO0122,PC-9174,Logoff
{X4P8-V4ZF78SC-9189UWJB},10/08/2010 17:06:00,CKH0144,PC-1893,Logoff
{J9D2-C3NH42KF-0877DNEX},05/04/2010 09:17:00,DIB0285,PC-1268,Logon
{L1A4-J6LS88DC-8512MUQB},03/31/2011 08:05:00,CBG0398,PC-5927,Logon
{M1L6-Z5SM84JT-9981RVYX},08/13/2010 19:06:00,JJB0127,PC-7931,Logoff
{W5Z2-C6DM64VG-2486BIGH},04/26/2010 09:44:35,JGT0221,PC-0377,Logoff
{N3P3-I2MO72NX-6633GMKX},02/25/2011 17:48:00,HKB0418,PC-3651,Logoff
{U5O1-B3MJ73HA-1818PNWZ},11/09/2010 14:41:39,IUY0279,PC-9140,Logon
{P4O2-R7OR53JN-5248BSZD},09/30/2010 18:45:00,SBK0161,PC-5599,Logoff
{E1F2-E2FS27IO-1368JLOJ},02/24/2011 09:10:00,QCH0110,PC-7470,Logon
{L9O9-X3FA59AX-8071SUDI},05/03/2011 15:14:00,CWB0065,PC-4621,Logoff
{L6F9-R4GL05HO-3104KWAU},02/24/2011 17:56:00,ATE0869,PC-1313,Logoff
{S4G5-K5CZ80NW-0667TXKY},09/22/2010 18:38:49,BAL0044,PC-0072,Logoff
{E0V4-Q3AP32ZS-4208SLXG},07/07/2010 21:16:30,MSO0222,PC-8501,Logon
{F8I3-L0EU21WU-3254WYGZ},12/31/2010 13:52:40,CSH0626,PC-6016,Logon
{V7M5-C4FI29HK-7027HQDR},12/16/2010 18:15:00,GCL0016,PC-9408,Logoff
{I4X7-Y7YF14OS-1653XRCT},05/10/2010 07:13:00,AVM0947,PC-0285,Logon
{N8X6-V3TY35PH-6087FUIX},05/18/2010 17:12:00,LJR0523,PC-5162,Logoff
{A8T9-I3JP49QM-1392NOSM},04/29/2011 17:00:00,ANT0430,PC-9028,Logoff
{B2Q5-W9KG96LK-0186PQSX},03/03/2011 13:58:08,LCB0664,PC-3196,Logon
{V4C5-X2MU73JP-3653YQFT},04/01/2010 07:41:00,WKF0012,PC-9966,Logon
{H5E3-K8EO21NQ-2023MTBW},01/28/2010 17:57:00,RAM0447,PC-2697,Logoff
{H1B0-X1TN11XV-3300URPL},02/12/2010 19:28:00,LAM0911,PC-8871,Logoff
{M1W0-W4HI11YJ-6409FUVM},04/27/2010 07:34:00,SBN0866,PC-8714,Logon
{V3G8-X4GY48DC-2332BXTJ},04/13/2010 19:03:00,DZC0228,PC-7478,Logoff
{Z1H0-H9QW68ZG-2802BEKQ},10/24/2010 07:19:00,MLM0950,PC-9787,Logon
{J5J4-M8ZA20CA-6639TIXZ},01/27/2011 07:02:00,RSM0277,PC-2930,Logon
{O2O1-W8QF33FD-9396GMBQ},07/12/2010 18:13:00,MGS0974,PC-0351,Logoff
{L9P3-L0YN33NF-1484JFGE},03/24/2011 17:57:00,KJJ0293,PC-7425,Logoff
{B2O8-W1HA47CN-2171NYCN},06/09/2010 11:25:23,JCC0225,PC-7933,Logoff
{O2N3-B5BE50EH-5579EHRK},02/08/2010 06:09:07,CCA0046,PC-7408,Logoff
{M7V9-Z5HI38PZ-3833MQDC},07/16/2010 23:44:21,BBS0039,PC-7558,Logoff
{N9K3-U7MF59BQ-3586IJLF},11/18/2010 16:31:00,TYB0779,PC-5258,Logoff
{Z6X5-D3LX57BV-8360IBCE},04/27/2011 07:35:00,EWH0191,PC-4545,Logon
{G4D3-V8BV79WZ-3419YLPT},05/20/2010 07:30:00,EWH0191,PC-4545,Logon
{M8H0-Z8SV52LT-9893GZMC},07/08/2010 19:13:00,TDJ0998,PC-7508,Logoff
{K8G7-Y9TG38GP-8973FAMX},11/08/2010 08:00:00,FSC0601,PC-9066,Logon
{W9C4-P1XI79JQ-3400SCDK},04/29/2011 07:36:00,JCR0172,PC-6713,Logon
{G7A5-W5EQ86YX-3119PHKV},12/09/2010 07:50:00,DTT0076,PC-9973,Logon
{K8V0-X4RU79HU-4978HHWB},10/12/2010 08:30:00,TRK0914,PC-6523,Logon
{G4J4-S8OZ90GO-8089BZNI},06/07/2010 19:38:00,AES0827,PC-2770,Logoff
{X8N0-O4VG61XS-8026DLMQ},02/15/2011 07:49:00,GLR0975,PC-5468,Logon
{T4O9-K4GK43LI-3834DFEU},02/15/2010 20:24:49,ACV0812,PC-4124,Logoff
{T3P5-C1LP68NT-2308GECF},10/29/2010 08:01:00,DGW0752,PC-5090,Logon
{M2Q5-C2AK38VV-9588WCSH},04/14/2011 09:01:00,PKB0281,PC-2110,Logon
{V8W9-O5IN77UN-0925GJVY},04/06/2011 08:29:00,TJG0582,PC-9311,Logon
{W9Q5-H7QO56HK-2892UQNP},08/20/2010 17:59:00,RDT0424,PC-3742,Logoff
{D4J0-N8SY14JR-2280HXTE},06/21/2010 16:24:00,AJF0370,PC-8651,Logoff
{G7M2-E5EO21QJ-2170IDGA},02/22/2010 19:32:00,CRK0916,PC-6417,Logoff
{E2R3-I5XB92JQ-1886HSER},03/18/2010 21:22:00,OSH0655,PC-3998,Logoff
{Q8D2-Q5IY32MS-0310CTQX},03/22/2010 15:50:00,MCJ0324,PC-7595,Logoff
{E8S7-F2OB52QN-6641QQYK},05/11/2011 07:48:00,TDS0984,PC-7088,Logon
{Y9M2-P6IL55LQ-1705KXUD},07/02/2010 07:58:00,IIW0249,PC-0843,Logon
{S3M1-X0BM26VU-3046LIYF},01/26/2010 13:04:51,HKR0628,PC-6269,Logon
{T3F0-F8MR98LV-6207LHXV},08/09/2010 16:23:00,MMG0943,PC-2370,Logoff
{N4U4-P6QT72MK-7440KCYS},05/24/2010 07:45:00,AOB0019,PC-4479,Logon
{Q6Y5-B1TR87LW-7299POFD},02/16/2011 19:29:54,KRV0372,PC-0151,Logoff
{I0R0-D4CF83WO-7950PCUX},03/04/2011 08:14:49,NAF0326,PC-7470,Logoff
{W8D8-O5TB04TV-6074MVSQ},09/09/2010 07:29:00,USH0199,PC-3581,Logon
{X3Q8-G4IF27WL-0592ZRBW},09/24/2010 04:44:51,SOB0360,PC-6324,Logoff
{S7S0-E1ML67JC-5611EGXC},05/11/2010 16:52:00,PDW0259,PC-8804,Logoff
{O2T4-P6TY14WC-0675PDXO},11/29/2010 07:30:00,RDM0115,PC-1480,Logon
{X7W0-L1ND11LH-0861WZBZ},06/02/2010 18:25:00,CLD0894,PC-6260,Logoff
{H7A0-V6OP20GU-4377ATYU},07/02/2010 07:59:00,BHW0458,PC-2077,Logon
{C0K0-U9SS82PQ-6779REAO},11/12/2010 17:16:00,OLF0504,PC-7774,Logoff
{S4Q2-C8QM94QF-4392FRYV},04/08/2010 19:03:00,LBC0356,PC-0008,Logoff
{Q2P5-Y8XR07JF-8026XMTV},03/31/2011 09:21:00,RHY0079,PC-1896,Logon
{N5F6-Q8LX23BW-3766QRMP},08/12/2010 06:23:41,JCC0225,PC-1485,Logon
{R9C8-S3QA96EA-1940ZZYO},03/22/2010 18:19:00,EJW0884,PC-0335,Logoff
{L8I7-W5RS10FV-5587UKHB},09/29/2010 19:39:00,IHK0841,PC-0177,Logoff
{I6B9-E7PT57CM-3905MAAF},02/19/2010 18:21:00,CSP0197,PC-9358,Logoff
{C4B0-U1XL86EI-2754OFTH},02/16/2011 11:27:28,TSM0363,PC-8245,Logon
{K4R6-X3GK07LR-4776VHLN},11/20/2010 08:03:00,MGS0974,PC-0351,Logon
{F1H9-J9PM20MP-8482ITWE},12/27/2010 15:45:00,BBG0325,PC-6609,Logoff
{A8P4-V6QG65LA-2722HNIS},01/04/2011 09:05:00,CLS0296,PC-7973,Logon
{T6Q4-G1CH76BF-4750OBEN},03/31/2011 09:21:00,GTD0116,PC-5312,Logon
{Z2Q3-H7AK53QD-7181QSNO},03/01/2010 14:39:03,DIW0118,PC-4124,Logon
{H3Y8-Q3ZF46IT-7381YTPY},12/09/2010 07:46:00,AAV0450,PC-6419,Logon
{Z0X3-V8UP19ND-6016RJOO},06/08/2010 13:04:40,RTO0313,PC-3311,Logon
{A7N9-Q6YF95KE-6343UGLR},07/27/2010 09:03:00,FMG0527,PC-4256,Logon
{T1O9-M6HO94NQ-2267AMAR},06/10/2010 17:04:00,KJS0618,PC-0133,Logoff
{X5R3-I1FX63ZU-4101ZQVQ},08/16/2010 07:40:00,NSS0876,PC-5910,Logon
{I7V1-I5FF98BE-2373DEDH},11/01/2010 09:00:00,WIF0691,PC-6390,Logon
{Z3U1-P3TI87ZY-6342QUKR},02/06/2010 12:38:11,IKP0472,PC-3842,Logon
{N3Y7-A5AB78FM-9531LPLM},03/02/2011 15:58:00,IBM0671,PC-4633,Logoff
{Y8X5-O3FH99OM-4014GJCZ},04/30/2010 08:29:55,JMK0099,PC-4124,Logoff
{N7N5-X6YD63JI-8717HVEL},08/17/2010 17:42:00,FQA0854,PC-2582,Logoff
{F2O3-B0ZE72NH-4586JERZ},02/10/2010 17:56:00,ZSL0305,PC-2640,Logoff
{Z3T5-Y2IN51ZE-1541TZXE},04/13/2010 07:58:00,LLV0602,PC-5562,Logon
{M4P1-J8IZ67VE-1057PSBF},12/15/2010 18:00:00,CJM0138,PC-8619,Logoff
{Z0Z4-C3UN69SQ-6096NFDC},08/03/2010 08:09:00,KRV0372,PC-9947,Logon
{J7O9-W9FO73WD-5539WECA},02/26/2010 08:07:00,CTW0500,PC-9777,Logon
{N2P0-C7TV37PI-8156BTGB},03/12/2010 15:41:00,MSH0040,PC-5799,Logoff
{X4R1-A8PP39VP-6231OSTE},01/22/2010 15:53:09,IJM0444,PC-4124,Logoff
{P2B3-T4CN13WQ-8342JRDO},07/28/2010 09:09:00,ICH0294,PC-8526,Logon
{A2L7-L9ED15XS-2594ZUAQ},04/22/2010 00:28:45,MOS0047,PC-4953,Logon
{E1F3-F3FE73PF-0579YMIP},12/21/2010 17:14:00,PIS0522,PC-5648,Logoff
{M2W8-R4LS44SW-2929WJFQ},02/11/2010 07:44:00,WKF0012,PC-9966,Logon
{H8Z5-C7EF58WT-5965HWGM},11/17/2010 17:18:27,NHH0185,PC-5852,Logoff
{F4H0-H6XJ29JF-0632DCCE},06/15/2010 16:05:00,DBB0384,PC-4243,Logoff
{M9V7-T3SU33PR-9510VTDQ},10/09/2010 07:47:00,BBS0422,PC-4551,Logon
{E6H3-D0EB86HZ-1923TATA},01/21/2011 17:15:00,CWR0502,PC-3737,Logoff
{K7D2-D2JW05GM-2578XJLE},08/26/2010 12:03:48,MNS0224,PC-6184,Logoff
{A5X0-C0VU70ZY-2064JHNT},04/05/2010 07:56:00,SCF0608,PC-8864,Logon
{C3G9-E8SP32AC-9016QARU},12/06/2010 15:38:00,UIR0043,PC-9110,Logoff
{P6G5-X1ZX53OY-0446MGPS},09/02/2010 16:59:00,TET0621,PC-5252,Logoff
{T5C5-K9RV08QY-2750LFOC},10/20/2010 18:07:00,JFC0557,PC-9179,Logoff
{D9X2-Z3ZN24US-2323TUZA},07/21/2010 09:17:00,EMW0105,PC-1845,Logon
{B6F7-N7YF58MU-9123QNBS},06/17/2010 17:53:00,ILR0304,PC-5480,Logoff
{F9W3-U4SB59DL-3892WNSX},06/18/2010 19:24:00,NHE0919,PC-8457,Logoff
{O0Z7-W0FC65PW-4707SWQU},07/28/2010 18:07:59,WPR0368,PC-6324,Logon
{S4N6-G8WG62UC-9325TZWW},03/31/2010 19:04:00,BTN0061,PC-3682,Logoff
{I8F0-W6CG51OA-6640NSGF},10/31/2010 08:00:00,ESJ0670,PC-2321,Logon
{C0T0-W7UE27TD-4894HLZI},08/18/2010 11:18:36,ABM0845,PC-9714,Logon
{H6A1-S4NP92IH-4774JZBK},02/09/2011 15:53:00,SIJ0661,PC-6175,Logoff
{A6X7-Q4IX00OY-0592YQBJ},06/07/2010 18:14:00,NDM0417,PC-9134,Logoff
{A6E3-M8GQ30XW-8557IOJN},11/09/2010 02:34:19,MNS0224,PC-1648,Logoff
{D8J1-G3KO37WI-8732ONWV},10/01/2010 07:03:00,JJM0203,PC-0148,Logon
{V9F5-A5EZ48GE-8050DMNS},04/26/2011 07:43:00,HPM0986,PC-0092,Logon
{Q1S5-C0HL97BQ-9537YZYX},08/20/2010 08:17:00,SAH0599,PC-8211,Logon
{L8C5-U7CL19BR-8306LJVP},04/23/2010 16:15:00,LHB0967,PC-2996,Logoff
{R0E7-X6TV72IC-6949HICN},01/26/2011 09:52:38,DAL0673,PC-4124,Logon
{W6W7-I8GU32BH-9666CRZK},02/25/2010 15:27:00,NKH0979,PC-6643,Logoff
{I0E4-K1FV22XD-4340NHYI},12/20/2010 16:40:00,SAB0781,PC-8466,Logoff
{W9Y0-Q4RB02GA-0582JPOT},03/09/2010 07:58:00,HVF0067,PC-9939,Logon
{M7I3-B0NL95PD-2871HGFJ},05/11/2011 07:47:00,CCC0393,PC-8610,Logon
{X3I9-D7JU51BV-8229EOMI},04/07/2011 23:10:02,KJP0371,PC-0724,Logon
{T6Q1-V8RT23FO-0187GRBZ},02/09/2011 19:00:00,BTR0403,PC-8277,Logoff
{J8Q7-J8UW53QM-0690PNGT},03/09/2010 07:45:00,TDS0984,PC-7088,Logon
{I5U4-Z2DJ00ZI-7279NFIF},12/08/2010 18:09:00,WTR0563,PC-7572,Logoff
{M5F4-R7GL80BP-1378QFID},08/18/2010 08:22:00,VFM0814,PC-0982,Logon
{E4M3-Z0AX24UN-8243DJMS},02/22/2011 08:45:00,SMH0291,PC-3571,Logon
{W8M4-S0JV59NA-7466KHGF},06/01/2010 11:04:35,DIW0118,PC-4124,Logoff
{U5P3-P9XC85PK-8449VMHA},04/19/2010 18:23:00,SSS0345,PC-3543,Logoff
{J8Z6-K5UM17GV-2006HWBM},06/29/2010 07:49:00,PLH0862,PC-9669,Logon
{R1C2-L7NK83DO-2274SHTN},05/12/2010 15:59:00,NCO0666,PC-6519,Logoff
{Z0T4-C6HY45UT-2213UYUN},12/21/2010 17:00:00,ABH0663,PC-4556,Logoff
{U1V1-Z0AG23QP-6057WZPZ},05/07/2010 17:08:00,AJN0607,PC-8303,Logoff
{J7S6-W0NH73ZS-8915MMHM},06/30/2010 18:08:00,TSG0906,PC-0669,Logoff
{H6B7-G5AB74OH-4127RZRN},02/22/2011 16:05:00,ORM0669,PC-4860,Logoff
{Q3R4-F8UD55EK-1001LSFW},01/19/2010 18:25:55,JAV0361,PC-5920,Logoff
{V5K8-I9NF46GN-7765LPIR},02/12/2010 01:39:14,MPM0220,PC-2777,Logoff
{A7Q4-C3BV95AT-9172UVQH},03/30/2010 17:00:00,JAD0609,PC-7879,Logoff
{W5X4-K4GT66GK-2858VGAX},04/14/2011 19:22:00,IHK0841,PC-0177,Logoff
{S6D3-S8YI78DD-0902FPOC},04/19/2011 20:50:47,WPR0368,PC-0384,Logon
{B4D3-E4CY54ES-5731HAUX},04/18/2011 08:30:00,TJG0582,PC-9311,Logon
{U9E3-W4QU14LB-2383NSYI},08/24/2010 07:36:00,SER0165,PC-7309,Logon
{E3A3-L5OQ75KQ-7631NACH},02/20/2010 13:33:49,RZC0746,PC-7500,Logon
